Date,Clanmate,ChestName,ChestLevel,ChestType,ChestPoints
2026-03-30,Keleth,Cursed Citadel Chest,20,Citadel,12
2026-03-30,arcael,Rare Dragon Chest,20,rare Crypt,28
2026-03-30,Keleth,Rare Dragon Chest,20,rare Crypt,28
2026-03-30,Keleth,Rare Dragon Chest,20,rare Crypt,28
2026-03-30,Safa2017,Barbarian Chest,25,Common Crypt,55
2026-03-30,Vudogore,Turtle Chest,15,epic Crypt,12
2026-03-30,Safa2017,Elegant Chest,25,Common Crypt,55
2026-03-30,Vudogore,Braided Chest,15,epic Crypt,12
2026-03-30,Safa2017,Cobra Chest,25,Common Crypt,55
2026-03-30,Vudogore,Rare Dragon Chest,20,rare Crypt,28
2026-03-30,Vudogore,Forgotten Chest,20,Common Crypt,16
2026-03-30,TurinTurambar,Orc Chest,25,Common Crypt,55
2026-03-30,martinman,Orc Chest,5,Common Crypt,0
2026-03-30,Vudogore,Bone Chest,20,Common Crypt,16
2026-03-30,arcael,Rare Dragon Chest,15,rare Crypt,8
2026-03-30,TurinTurambar,Elegant Chest,25,Common Crypt,55
2026-03-30,Sharpstone,Ancient Bastion Chest,20,epic Crypt,45
2026-03-30,nicklaus,Infernal Chest,20,Common Crypt,16
2026-03-30,martinman,Mayan Chest,5,Common Crypt,0
2026-03-30,nicklaus,Fire Chest,20,Common Crypt,16
2026-03-30,Chiarka,Bone Chest,25,Common Crypt,55
2026-03-30,nicklaus,Sand Chest,20,Common Crypt,16
2026-03-30,Chiarka,Barbarian Chest,20,Common Crypt,16
2026-03-30,Chiarka,Cobra Chest,25,Common Crypt,55
2026-03-30,nicklaus,Sand Chest,20,Common Crypt,16
2026-03-30,Eloise,Stone Chest,20,Common Crypt,16
2026-03-30,Safa2017,Chest of the Cursed,25,epic Crypt,90
2026-03-30,Chiarka,Rare Dragon Chest,20,rare Crypt,28
2026-03-30,nicklaus,White Wood Chest,20,epic Crypt,45
2026-03-30,Sharpstone,Elven Citadel Chest,15,Citadel,0
2026-03-30,nicklaus,House of Horrors Chest,20,epic Crypt,45
2026-03-30,Sharpstone,Rare Dragon Chest,15,rare Crypt,8
2026-03-30,Eloise,Infernal Chest,20,Common Crypt,16
2026-03-30,Keleth,Orc Chest,20,Common Crypt,16
2026-03-30,TurinTurambar,Sand Chest,25,Common Crypt,55
2026-03-30,Eloise,Mayan Chest,20,Common Crypt,16
2026-03-30,martinman,Elegant Chest,15,Common Crypt,0
2026-03-30,TurinTurambar,Rare Dragon Chest,30,rare Crypt,120
2026-03-30,martinman,Braided Chest,20,epic Crypt,45
2026-03-30,TurinTurambar,Rare Dragon Chest,30,rare Crypt,120
2026-03-30,arcael,Infernal Chest,20,Common Crypt,16
2026-03-30,arcael,Mayan Chest,5,Common Crypt,0
2026-03-30,Fankayel,Orc Chest,25,Common Crypt,55
2026-03-30,TurinTurambar,Rare Dragon Chest,30,rare Crypt,120
2026-03-30,Dontrius,Barbarian Chest,20,Common Crypt,16
2026-03-30,Se7en87,Bone Chest,25,Common Crypt,55
2026-03-30,TurinTurambar,Rare Dragon Chest,30,rare Crypt,120
2026-03-30,martinman,Elven Citadel Chest,15,Citadel,0
2026-03-30,Se7en87,Orc Chest,25,Common Crypt,55
2026-03-30,TurinTurambar,Rare Dragon Chest,30,rare Crypt,120
2026-03-30,Se7en87,Gladiator's Chest,0,Arena,0
2026-03-30,Se7en87,Titansteel Chest,20,epic Crypt,45
2026-03-30,TurinTurambar,Rare Dragon Chest,30,rare Crypt,120
2026-03-30,Se7en87,Ancient Warrior's Chest,20,epic Crypt,45
2026-03-30,martinman,Undead Chest,16,heroic Monster,5
2026-03-30,Fankayel,Cobra Chest,15,Common Crypt,0
2026-03-30,TurinTurambar,Rare Dragon Chest,30,rare Crypt,120
2026-03-30,Fankayel,Barbarian Chest,15,Common Crypt,0
2026-03-30,TurinTurambar,Rare Dragon Chest,30,rare Crypt,120
2026-03-30,martinman,Mayan Chest,15,Common Crypt,0
2026-03-30,TurinTurambar,Rare Dragon Chest,30,rare Crypt,120
2026-03-30,TurinTurambar,Rare Dragon Chest,20,rare Crypt,28
2026-03-30,Ladislaus,House of Horrors Chest,25,epic Crypt,90
2026-03-30,martinman,Elven Citadel Chest,10,Citadel,0
2026-03-30,arcael,Elegant Chest,20,Common Crypt,16
2026-03-30,martinman,Mayan Chest,15,Common Crypt,0
2026-03-30,martinman,Rare Dragon Chest,15,rare Crypt,8
2026-03-30,martinman,Harpy Chest,20,epic Crypt,45
2026-03-30,martinman,Rare Dragon Chest,15,rare Crypt,8
2026-03-30,martinman,Rare Dragon Chest,15,rare Crypt,8
2026-03-30,martinman,Rare Dragon Chest,15,rare Crypt,8
2026-03-30,martinman,Rare Dragon Chest,15,rare Crypt,8
2026-03-30,StellaVist,Stone Chest,20,Common Crypt,16
2026-03-30,martinman,Fire Chest,20,Common Crypt,16
2026-03-30,StellaVist,Orc Chest,20,Common Crypt,16
2026-03-30,StellaVist,Sand Chest,20,Common Crypt,16
2026-03-30,martinman,Rare Dragon Chest,15,rare Crypt,8
2026-03-30,martinman,Forgotten Chest,15,Common Crypt,0
2026-03-30,martinman,Rare Dragon Chest,15,rare Crypt,8
2026-03-30,martinman,Orc Chest,15,Common Crypt,0
2026-03-30,martinman,Sand Chest,15,Common Crypt,0
2026-03-30,Pantera,Barbarian Chest,20,Common Crypt,16
2026-03-30,martinman,Rare Dragon Chest,15,rare Crypt,8
2026-03-30,martinman,Rare Dragon Chest,15,rare Crypt,8
2026-03-30,martinman,Rare Dragon Chest,15,rare Crypt,8
2026-03-30,Raven,Bone Chest,20,Common Crypt,16
2026-03-30,martinman,Gnome Workshop Chest,15,Common Crypt,0
2026-03-30,Pantera,Sand Chest,20,Common Crypt,16
2026-03-30,Raven,Stone Chest,20,Common Crypt,16
2026-03-30,martinman,Rare Dragon Chest,15,rare Crypt,8
2026-03-30,Raven,Bone Chest,20,Common Crypt,16
2026-03-30,martinman,Rare Dragon Chest,15,rare Crypt,8
2026-03-30,Pantera,Forgotten Chest,20,Common Crypt,16
2026-03-30,Vudogore,Sand Chest,20,Common Crypt,16
2026-03-30,AkhmAn,Gladiator's Chest,0,Arena,0
2026-03-30,Raven,Bone Chest,20,Common Crypt,16
2026-03-30,Pantera,Elegant Chest,20,Common Crypt,16
2026-03-30,Graveleye,Elegant Chest,15,Common Crypt,0
2026-03-30,Raven,Chest of the Cursed,20,epic Crypt,45
2026-03-30,Graveleye,Rare Dragon Chest,15,rare Crypt,8
2026-03-30,Sailv,Rare Dragon Chest,25,rare Crypt,72
2026-03-30,Graveleye,Elegant Chest,15,Common Crypt,0
2026-03-30,Chiarka,Barbarian Chest,25,Common Crypt,55
2026-03-30,Malik2203,Fire Chest,20,Common Crypt,16
2026-03-30,Raven,Elven Citadel Chest,20,Citadel,12
2026-03-30,Sailv,Rare Dragon Chest,25,rare Crypt,72
2026-03-30,Sailv,Ancient Bastion Chest,25,epic Crypt,90
2026-03-30,Malik2203,Elegant Chest,20,Common Crypt,16
2026-03-30,Graveleye,Gnome Workshop Chest,15,Common Crypt,0
2026-03-30,Malik2203,Forgotten Chest,20,Common Crypt,16
2026-03-30,Sailv,Scarab Chest,20,epic Crypt,45
2026-03-30,Graveleye,Rare Dragon Chest,15,rare Crypt,8
2026-03-30,Sailv,Bone Chest,25,Common Crypt,55
2026-03-30,Shadowbringer SK,Sand Chest,25,Common Crypt,55
2026-03-30,Shadowbringer SK,Infernal Chest,25,Common Crypt,55
2026-03-30,alking1,Mayan Chest,15,Common Crypt,0
2026-03-30,Sailv,Barbarian Chest,25,Common Crypt,55
2026-03-30,alking1,Barbarian Chest,15,Common Crypt,0
2026-03-30,Shadowbringer SK,Orc Chest,25,Common Crypt,55
2026-03-30,alking1,Gnome Workshop Chest,20,Common Crypt,16
2026-03-30,Pantera,Priest's Chest,20,epic Crypt,45
2026-03-30,Sailv,Cobra Chest,25,Common Crypt,55
2026-03-30,Eloise,Rare Dragon Chest,20,rare Crypt,28
2026-03-30,Pantera,Priest's Chest,20,epic Crypt,45
2026-03-30,Eloise,Rare Dragon Chest,20,rare Crypt,28
2026-03-30,Eloise,Rare Dragon Chest,20,rare Crypt,28
2026-03-30,Shadowbringer SK,Gladiator's Chest,0,Arena,0
2026-03-30,Eloise,Rare Dragon Chest,20,rare Crypt,28
2026-03-30,Eloise,Scorpion Chest,25,epic Crypt,90
2026-03-30,Eloise,Turtle Chest,25,epic Crypt,90
2026-03-30,StellaVist,Trillium Chest,20,epic Crypt,45
2026-03-30,Eloise,Turtle Chest,25,epic Crypt,90
2026-03-30,StellaVist,Ancient Bastion Chest,20,epic Crypt,45
2026-03-30,StellaVist,Scorpion Chest,20,epic Crypt,45
2026-03-30,Deli,Mayan Chest,20,Common Crypt,16
2026-03-30,StellaVist,Rare Dragon Chest,25,rare Crypt,72
2026-03-30,StellaVist,House of Horrors Chest,20,epic Crypt,45
2026-03-30,Deli,Fire Chest,20,Common Crypt,16
2026-03-30,StellaVist,Scarab Chest,20,epic Crypt,45
2026-03-30,StellaVist,Abandoned Chest,20,epic Crypt,45
2026-03-30,AkhmAn,Orc Chest,20,Common Crypt,16
2026-03-30,StellaVist,Turtle Chest,20,epic Crypt,45
2026-03-30,StellaVist,Turtle Chest,20,epic Crypt,45
2026-03-30,StellaVist,Cobalt Chest,20,epic Crypt,45
2026-03-30,StellaVist,Gnome Workshop Chest,20,Common Crypt,16
2026-03-30,StellaVist,Abandoned Chest,20,epic Crypt,45
2026-03-30,RATTUS,Stone Chest,20,Common Crypt,16
2026-03-30,Pantera,Ancient Warrior's Chest,20,epic Crypt,45
2026-03-30,RATTUS,Fire Chest,20,Common Crypt,16
2026-03-30,Deli,Cobra Chest,20,Common Crypt,16
2026-03-30,ozin blesin,Forgotten Chest,20,Common Crypt,16
2026-03-30,Deli,Sand Chest,20,Common Crypt,16
2026-03-30,Seraning,Forgotten Chest,10,Common Crypt,0
2026-03-30,ozin blesin,Ancient Warrior's Chest,20,epic Crypt,45
2026-03-30,Seraning,Gnome Workshop Chest,10,Common Crypt,0
2026-03-30,Coris,Basilisk Chest,0,Epic Basilisk squad,1000
2026-03-30,Deli,Forgotten Chest,20,Common Crypt,16
2026-03-30,Deli,Elegant Chest,20,Common Crypt,16
2026-03-30,RATTUS,Cursed Citadel Chest,20,Citadel,12
2026-03-30,ozin blesin,Priest's Chest,20,epic Crypt,45
2026-03-30,Seraning,Bone Chest,15,Common Crypt,0
2026-03-30,Seraning,Sand Chest,5,Common Crypt,0
2026-03-30,Deli,Rare Dragon Chest,20,rare Crypt,28
2026-03-30,Deli,Bone Chest,20,Common Crypt,16
2026-03-30,Seraning,Sand Chest,15,Common Crypt,0
2026-03-30,Deli,Cobalt Chest,15,epic Crypt,12
2026-03-30,Deli,Priest's Chest,15,epic Crypt,12
2026-03-30,Seraning,Barbarian Chest,10,Common Crypt,0
2026-03-30,Rambam,Stone Chest,25,Common Crypt,55
2026-03-30,Seraning,Infernal Chest,10,Common Crypt,0
2026-03-30,ozin blesin,Orc Chest,5,Common Crypt,0
2026-03-30,ozin blesin,Ancient Warrior's Chest,20,epic Crypt,45
2026-03-30,ozin blesin,Priest's Chest,20,epic Crypt,45
2026-03-30,Graveleye,Infernal Chest,15,Common Crypt,0
2026-03-30,Pantera,Rare Dragon Chest,20,rare Crypt,28
2026-03-30,ozin blesin,Chest of the Cursed,20,epic Crypt,45
2026-03-30,Pantera,Rare Dragon Chest,20,rare Crypt,28
2026-03-30,ozin blesin,Chest of the Cursed,20,epic Crypt,45
2026-03-30,ozin blesin,Chest of the Cursed,20,epic Crypt,45
2026-03-30,Ceciel,Barbarian Chest,20,Common Crypt,16
2026-03-30,ozin blesin,Cobra Chest,15,Common Crypt,0
2026-03-30,Mel,Bone Chest,25,Common Crypt,55
2026-03-30,Defur,Bone Chest,25,Common Crypt,55
2026-03-30,Mel,Fire Chest,25,Common Crypt,55
2026-03-30,Mel,Barbarian Chest,25,Common Crypt,55
2026-03-30,Defur,Sand Chest,20,Common Crypt,16
2026-03-30,Mekil,Fire Chest,25,Common Crypt,55
2026-03-30,Arch,Elven Citadel Chest,10,Citadel,0
2026-03-30,Mekil,Turtle Chest,20,epic Crypt,45
2026-03-30,Mohamed,Infernal Chest,25,Common Crypt,55
2026-03-30,Defur,Forgotten Chest,20,Common Crypt,16
2026-03-30,Mohamed,Orc Chest,25,Common Crypt,55
2026-03-30,Mekil,Abandoned Chest,20,epic Crypt,45
2026-03-30,Arch,Elven Citadel Chest,10,Citadel,0
2026-03-30,Cassio,Mayan Chest,15,Common Crypt,0
2026-03-30,Arch,Elven Citadel Chest,10,Citadel,0
2026-03-30,Mekil,Mayan Chest,25,Common Crypt,55
2026-03-30,Mohamed,Elven Citadel Chest,15,Citadel,0
2026-03-30,Cordanaya,Trillium Chest,20,epic Crypt,45
2026-03-30,Cassio,Stone Chest,20,Common Crypt,16
2026-03-30,Cordanaya,Mayan Chest,20,Common Crypt,16
2026-03-30,Cordanaya,Elven Citadel Chest,20,Citadel,12
2026-03-30,Sengul,Gnome Workshop Chest,15,Common Crypt,0
2026-03-30,Cordanaya,Rare Dragon Chest,20,rare Crypt,28
2026-03-30,Sengul,Infernal Chest,10,Common Crypt,0
2026-03-30,Sengul,Elegant Chest,5,Common Crypt,0
2026-03-30,Mel,Titansteel Chest,15,epic Crypt,12
2026-03-30,Cordanaya,Sand Chest,20,Common Crypt,16
2026-03-30,Cassio,Gnome Workshop Chest,20,Common Crypt,16
2026-03-30,ozin blesin,Cobra Chest,20,Common Crypt,16
2026-03-30,Cordanaya,Elegant Chest,20,Common Crypt,16
2026-03-30,Orkanio,Gnome Workshop Chest,20,Common Crypt,16
2026-03-30,Orkanio,Fire Chest,25,Common Crypt,55
2026-03-30,Orkanio,Infernal Chest,25,Common Crypt,55
2026-03-30,Maffy,Sand Chest,20,Common Crypt,16
2026-03-30,Coris,Bone Chest,25,Common Crypt,55
2026-03-30,Sharpstone,Fire Chest,5,Common Crypt,0
2026-03-30,Coris,Bone Chest,25,Common Crypt,55
2026-03-30,Sharpstone,Forgotten Chest,10,Common Crypt,0
2026-03-30,Finiminil,Gnome Workshop Chest,25,Common Crypt,55
2026-03-30,Coris,Sand Chest,20,Common Crypt,16
2026-03-30,Finiminil,Forgotten Chest,20,Common Crypt,16
2026-03-30,Seraning,Infernal Chest,10,Common Crypt,0
2026-03-30,Finiminil,Elegant Chest,20,Common Crypt,16
2026-03-30,Coris,Rare Dragon Chest,25,rare Crypt,72
2026-03-30,Orkanio,Gnome Workshop Chest,25,Common Crypt,55
2026-03-30,Finiminil,Rare Dragon Chest,25,rare Crypt,72
2026-03-30,Sharpstone,Elven Citadel Chest,10,Citadel,0
2026-03-30,Finiminil,Rare Dragon Chest,25,rare Crypt,72
2026-03-30,Finiminil,Rare Dragon Chest,25,rare Crypt,72
2026-03-30,Rainterror,Barbarian Chest,10,Common Crypt,0
2026-03-30,Ceciel,Basilisk Chest,0,Epic Basilisk squad,1000
2026-03-30,Heof,Mayan Chest,15,Common Crypt,0
2026-03-30,Maffy,Elven Citadel Chest,20,Citadel,12
2026-03-30,Heof,Bone Chest,15,Common Crypt,0
2026-03-30,Heof,Forgotten Chest,15,Common Crypt,0
2026-03-30,AkhmAn,Rare Dragon Chest,20,rare Crypt,28
2026-03-30,Rainterror,Fire Chest,5,Common Crypt,0
2026-03-30,Rainterror,Chest of the Cursed,25,epic Crypt,90
2026-03-30,Athena,Barbarian Chest,20,Common Crypt,16
2026-03-30,AkhmAn,Elven Citadel Chest,20,Citadel,12
2026-03-30,alking1,Rare Dragon Chest,20,rare Crypt,28
2026-03-30,wodessen,Scorpion Chest,25,epic Crypt,90
2026-03-30,wodessen,Rare Dragon Chest,20,rare Crypt,28
2026-03-30,alking1,Gnome Workshop Chest,20,Common Crypt,16
2026-03-30,Rainterror,Bone Chest,20,Common Crypt,16
2026-03-30,KaLisi,Ancient Warrior's Chest,25,epic Crypt,90
2026-03-30,AkhmAn,Elven Citadel Chest,20,Citadel,12
2026-03-30,KaLisi,Turtle Chest,25,epic Crypt,90
2026-03-30,KaLisi,Turtle Chest,25,epic Crypt,90
2026-03-30,WaDa,Barbarian Chest,20,Common Crypt,16
2026-03-30,KaLisi,Trillium Chest,25,epic Crypt,90
2026-03-30,KaLisi,Harpy Chest,25,epic Crypt,90
2026-03-30,KaLisi,Rare Dragon Chest,25,rare Crypt,72
2026-03-30,WaDa,Fire Chest,20,Common Crypt,16
2026-03-30,KaLisi,Trillium Chest,25,epic Crypt,90
2026-03-30,Maffy,Cursed Citadel Chest,20,Citadel,12
2026-03-30,KaLisi,Ancient Warrior's Chest,25,epic Crypt,90
2026-03-30,Coris,Rare Dragon Chest,25,rare Crypt,72
2026-03-30,WadA,Stone Chest,20,Common Crypt,16
2026-03-30,Coris,Ancient Warrior's Chest,20,epic Crypt,45
2026-03-30,Coris,House of Horrors Chest,20,epic Crypt,45
2026-03-30,Rainterror,Forgotten Chest,25,Common Crypt,55
2026-03-30,KaLisi,Titansteel Chest,25,epic Crypt,90
2026-03-30,wodessen,Elegant Chest,25,Common Crypt,55
2026-03-30,AkhmAn,Sand Chest,20,Common Crypt,16
2026-03-30,AkhmAn,Rare Dragon Chest,20,rare Crypt,28
2026-03-30,Sharpstone,Ancient Bastion Chest,20,epic Crypt,45
2026-03-30,Deli,Cobalt Chest,15,epic Crypt,12
2026-03-30,Deli,Titansteel Chest,20,epic Crypt,45
2026-03-30,Deli,Braided Chest,20,epic Crypt,45
2026-03-30,WaDa,Fire Chest,20,Common Crypt,16
2026-03-30,WadA,Forgotten Chest,20,Common Crypt,16
2026-03-30,wodessen,Ancient Warrior's Chest,20,epic Crypt,45
2026-03-30,WaDa,Gnome Workshop Chest,20,Common Crypt,16
2026-03-30,Frostworker,Rare Dragon Chest,20,rare Crypt,28
2026-03-30,Bebur,Orc Chest,15,Common Crypt,0
2026-03-30,Rainterror,Rare Dragon Chest,20,rare Crypt,28
2026-03-30,Frostworker,Ancient Bastion Chest,20,epic Crypt,45
2026-03-30,Rainterror,Barbarian Chest,25,Common Crypt,55
2026-03-30,Frostworker,Elegant Chest,20,Common Crypt,16
2026-03-30,Mikashura,Elegant Chest,25,Common Crypt,55
2026-03-30,Bebur,Orc Chest,15,Common Crypt,0
2026-03-30,Frostworker,Bone Chest,20,Common Crypt,16
2026-03-30,Graveleye,Barbarian Chest,15,Common Crypt,0
2026-03-30,Graveleye,Infernal Chest,15,Common Crypt,0
2026-03-30,wodessen,Harpy Chest,20,epic Crypt,45
2026-03-30,Arch,Forgotten Chest,25,Common Crypt,55
2026-03-30,wodessen,Infernal Chest,20,Common Crypt,16
2026-03-30,Arch,Forgotten Chest,25,Common Crypt,55
2026-03-30,Bebur,Orc Chest,20,Common Crypt,16
2026-03-30,Arch,Forgotten Chest,25,Common Crypt,55
2026-03-30,Arch,Forgotten Chest,25,Common Crypt,55
2026-03-30,Arch,Forgotten Chest,25,Common Crypt,55
2026-03-30,WADA,Elegant Chest,20,Common Crypt,16
2026-03-30,Arch,Orc Chest,25,Common Crypt,55
2026-03-30,WADA,Barbarian Chest,20,Common Crypt,16
2026-03-30,Arch,Forgotten Chest,25,Common Crypt,55
2026-03-30,WADA,Forgotten Chest,20,Common Crypt,16
2026-03-30,Arch,Forgotten Chest,25,Common Crypt,55
2026-03-30,WADA,Gnome Workshop Chest,20,Common Crypt,16
2026-03-30,Arch,Forgotten Chest,25,Common Crypt,55
2026-03-30,WADA,Barbarian Chest,20,Common Crypt,16
2026-03-30,Arch,Orc Chest,25,Common Crypt,55
2026-03-30,Arch,Orc Chest,25,Common Crypt,55
2026-03-30,Arch,Forgotten Chest,25,Common Crypt,55
2026-03-30,WADA,Gnome Workshop Chest,20,Common Crypt,16
2026-03-30,Arch,Forgotten Chest,25,Common Crypt,55
2026-03-30,Arch,Forgotten Chest,25,Common Crypt,55
2026-03-30,Arch,Orc Chest,25,Common Crypt,55
2026-03-30,Arch,Orc Chest,25,Common Crypt,55
2026-03-30,Arch,Orc Chest,25,Common Crypt,55
2026-03-30,Arch,Fire Chest,25,Common Crypt,55
2026-03-30,Arch,Fire Chest,25,Common Crypt,55
2026-03-30,Arch,Orc Chest,25,Common Crypt,55
2026-03-30,Arch,Fire Chest,25,Common Crypt,55
2026-03-30,Arch,Forgotten Chest,25,Common Crypt,55
2026-03-30,Grikelv,Bone Chest,25,Common Crypt,55
2026-03-30,Grikelv,Gnome Workshop Chest,25,Common Crypt,55
2026-03-30,AkhmAn,Elven Citadel Chest,20,Citadel,12
2026-03-30,AkhmAn,Cursed Citadel Chest,20,Citadel,12
2026-03-30,Mikashura,Mayan Chest,20,Common Crypt,16
2026-03-30,Mikashura,Bone Chest,25,Common Crypt,55
2026-03-30,AkhmAn,Elegant Chest,20,Common Crypt,16
2026-03-30,Mel SK,Fire Chest,20,Common Crypt,16
2026-03-30,Mel SK,Gnome Workshop Chest,15,Common Crypt,0
2026-03-30,Rain Fire,Common Chest of Wealth,0,Clan wealth,0
2026-03-30,Rain Fire,Uncommon Chest of Wealth,0,Clan wealth,0
2026-03-30,Rain Fire,Rare Chest of Wealth,0,Clan wealth,0
2026-03-30,Rain Fire,Epic Chest of Wealth,0,Clan wealth,0
2026-03-30,AkhmAn,Barbarian Chest,20,Common Crypt,16
2026-03-30,AkhmAn,Infernal Chest,20,Common Crypt,16
2026-03-30,Eydaen,Braided Chest,20,epic Crypt,45
2026-03-30,Eydaen,Gnome Workshop Chest,15,Common Crypt,0
2026-03-30,MarkoBRFla,Gnome Workshop Chest,25,Common Crypt,55
2026-03-30,Eydaen,Gnome Workshop Chest,10,Common Crypt,0
2026-03-30,Eydaen,Fire Chest,10,Common Crypt,0
2026-03-30,MarkoBRFla,Fire Chest,20,Common Crypt,16
2026-03-30,Mel,Gladiator's Chest,0,Arena,0
2026-03-30,Eydaen,Scorpion Chest,25,epic Crypt,90
2026-03-30,Goku,Sand Chest,15,Common Crypt,0
2026-03-30,Goku,Fire Chest,15,Common Crypt,0
2026-03-30,Gleladod,Elven Citadel Chest,20,Citadel,12
2026-03-30,Gleladod,Sand Chest,25,Common Crypt,55
2026-03-30,Mel,Infernal Chest,25,Common Crypt,55
2026-03-30,Deli,Turtle Chest,15,epic Crypt,12
2026-03-30,Earfiren,Orc Chest,15,Common Crypt,0
2026-03-30,Goku,Forgotten Chest,15,Common Crypt,0
2026-03-30,Deli,Scorpion Chest,20,epic Crypt,45
2026-03-30,Goku,Orc Chest,15,Common Crypt,0
2026-03-30,Deli,Chest of the Cursed,20,epic Crypt,45
2026-03-30,kremlin,Gnome Workshop Chest,20,Common Crypt,16
2026-03-30,Goku,Barbarian Chest,15,Common Crypt,0
2026-03-30,Goku,Mayan Chest,15,Common Crypt,0
2026-03-30,kremlin,Infernal Chest,20,Common Crypt,16
2026-03-30,Rain Fire,Elven Citadel Chest,20,Citadel,12
2026-03-30,Goku,Orc Chest,15,Common Crypt,0
2026-03-30,Earfiren,Orc Chest,15,Common Crypt,0
2026-03-30,Rain Fire,Elven Citadel Chest,25,Citadel,28
2026-03-30,Rain Fire,Elven Citadel Chest,25,Citadel,28
2026-03-30,Goku,Elegant Chest,15,Common Crypt,0
2026-03-30,Goku,Barbarian Chest,15,Common Crypt,0
2026-03-30,Rain Fire,Elven Citadel Chest,25,Citadel,28
2026-03-30,Goku,Forgotten Chest,15,Common Crypt,0
2026-03-30,Goku,Mayan Chest,15,Common Crypt,0
2026-03-30,Earfiren,Gladiator's Chest,0,Arena,0
2026-03-30,Earfiren,Forgotten Chest,15,Common Crypt,0
2026-03-30,Earfiren,Rare Dragon Chest,20,rare Crypt,28
2026-03-30,Rain Fire,Orc Chest,25,Common Crypt,55
2026-03-30,Rain Fire,Infernal Chest,25,Common Crypt,55
2026-03-30,Earfiren,Gnome Workshop Chest,15,Common Crypt,0
2026-03-30,Rain Fire,Sand Chest,25,Common Crypt,55
2026-03-30,Rain Fire,Infernal Chest,25,Common Crypt,55
2026-03-30,Rain Fire,Stone Chest,25,Common Crypt,55
2026-03-30,Rain Fire,Rare Dragon Chest,25,rare Crypt,72
2026-03-30,Rain Fire,Rare Dragon Chest,25,rare Crypt,72
2026-03-30,Rain Fire,Rare Dragon Chest,25,rare Crypt,72
2026-03-30,Rain Fire,Rare Dragon Chest,20,rare Crypt,28
2026-03-30,Graveleye,Bone Chest,15,Common Crypt,0
2026-03-30,Graveleye,Orc Chest,15,Common Crypt,0
2026-03-30,Earfiren,Mayan Chest,15,Common Crypt,0
2026-03-30,Max Mayhem,Titansteel Chest,25,epic Crypt,90
2026-03-30,Earfiren,Rare Dragon Chest,20,rare Crypt,28
2026-03-30,Max Mayhem,Elegant Chest,20,Common Crypt,16
2026-03-30,Max Mayhem,Elegant Chest,15,Common Crypt,0
2026-03-30,Earfiren,Rare Dragon Chest,20,rare Crypt,28
2026-03-30,Graveleye,Bone Chest,15,Common Crypt,0
2026-03-30,Andromeda,Barbarian Chest,20,Common Crypt,16
2026-03-30,Earfiren,Rare Dragon Chest,20,rare Crypt,28
2026-03-30,Earfiren,Rare Dragon Chest,20,rare Crypt,28
2026-03-30,Andromeda,Forgotten Chest,15,Common Crypt,0
2026-03-30,Earfiren,Rare Dragon Chest,20,rare Crypt,28
2026-03-30,Max Mayhem,Rare Dragon Chest,15,rare Crypt,8
2026-03-30,Max Mayhem,Rare Dragon Chest,20,rare Crypt,28
2026-03-30,Max Mayhem,Rare Dragon Chest,15,rare Crypt,8
2026-03-30,ozin blesin,Cobra Chest,20,Common Crypt,16
2026-03-30,Sharpstone,Gnome Workshop Chest,25,Common Crypt,55
2026-03-30,Finiminil,Forgotten Chest,20,Common Crypt,16
2026-03-30,Finiminil,Sand Chest,20,Common Crypt,16
2026-03-30,Finiminil,Gnome Workshop Chest,20,Common Crypt,16
2026-03-30,Finiminil,Forgotten Chest,20,Common Crypt,16
2026-03-30,Finiminil,Sand Chest,20,Common Crypt,16
2026-03-30,Finiminil,Stone Chest,20,Common Crypt,16
2026-03-30,Finiminil,Gnome Workshop Chest,20,Common Crypt,16
2026-03-30,Finiminil,Priest's Chest,20,epic Crypt,45
2026-03-30,Finiminil,Scorpion Chest,20,epic Crypt,45
2026-03-30,Finiminil,Gnome Workshop Chest,20,Common Crypt,16
2026-03-30,Finiminil,Bone Chest,20,Common Crypt,16
2026-03-30,Finiminil,Orc Chest,20,Common Crypt,16
2026-03-30,Finiminil,Bone Chest,20,Common Crypt,16
2026-03-30,silver bank haha,Barbarian Chest,25,Common Crypt,55
2026-03-30,silver bank haha,Forgotten Chest,25,Common Crypt,55
2026-03-30,silver bank haha,Elegant Chest,25,Common Crypt,55
2026-03-30,Meninad,Stone Chest,20,Common Crypt,16
2026-03-30,Meninad,Elegant Chest,25,Common Crypt,55
2026-03-30,Cordanaya,Mayan Chest,20,Common Crypt,16
2026-03-30,Harald Bluetooth,Fire Chest,20,Common Crypt,16
2026-03-30,Cordanaya,Gnome Workshop Chest,20,Common Crypt,16
2026-03-30,Harald Bluetooth,Stone Chest,25,Common Crypt,55
2026-03-30,Harald Bluetooth,Orc Chest,5,Common Crypt,0
2026-03-30,Rainterror,Orc Chest,25,Common Crypt,55
2026-03-30,Rainterror,Rare Dragon Chest,20,rare Crypt,28
2026-03-30,Veverka,Mayan Chest,10,Common Crypt,0
2026-03-30,Safa2017,Mayan Chest,25,Common Crypt,55
2026-03-30,Bebur,Orc Chest,20,Common Crypt,16
2026-03-30,Safa2017,Mayan Chest,25,Common Crypt,55
2026-03-30,Rza,White Wood Chest,25,epic Crypt,90
2026-03-30,Bebur,Orc Chest,20,Common Crypt,16
2026-03-30,Safa2017,Sand Chest,25,Common Crypt,55
2026-03-30,Rza,Barbarian Chest,25,Common Crypt,55
2026-03-30,Safa2017,Priest's Chest,25,epic Crypt,90
2026-03-30,Safa2017,Ancient Bastion Chest,25,epic Crypt,90
2026-03-30,Rza,Sand Chest,25,Common Crypt,55
2026-03-30,Se7en87,Cobra Chest,25,Common Crypt,55
2026-03-30,Se7en87,Cobra Chest,25,Common Crypt,55
2026-03-30,Se7en87,Cobra Chest,25,Common Crypt,55
2026-03-30,Se7en87,Cobra Chest,25,Common Crypt,55
2026-03-30,Se7en87,Cobra Chest,25,Common Crypt,55
2026-03-30,Se7en87,Cobra Chest,25,Common Crypt,55
2026-03-30,Se7en87,Cobra Chest,25,Common Crypt,55
2026-03-30,Se7en87,Cobra Chest,25,Common Crypt,55
2026-03-30,Se7en87,Cobra Chest,25,Common Crypt,55
2026-03-30,Se7en87,Cobra Chest,25,Common Crypt,55
2026-03-30,Se7en87,Cobra Chest,25,Common Crypt,55
2026-03-30,Se7en87,Cobra Chest,25,Common Crypt,55
2026-03-30,Se7en87,Cobra Chest,25,Common Crypt,55
2026-03-30,Se7en87,Cobra Chest,25,Common Crypt,55
2026-03-30,Se7en87,Cobra Chest,25,Common Crypt,55
2026-03-30,Se7en87,Cobra Chest,25,Common Crypt,55
2026-03-30,Se7en87,Cobra Chest,25,Common Crypt,55
2026-03-30,Se7en87,Cobra Chest,25,Common Crypt,55
2026-03-30,Se7en87,Cobra Chest,25,Common Crypt,55
2026-03-30,Se7en87,Cobra Chest,25,Common Crypt,55
2026-03-30,Se7en87,Cobra Chest,25,Common Crypt,55
2026-03-30,Se7en87,Cobra Chest,25,Common Crypt,55
2026-03-30,Se7en87,Cobra Chest,25,Common Crypt,55
2026-03-30,Se7en87,Cobra Chest,25,Common Crypt,55
2026-03-30,Se7en87,Cobra Chest,25,Common Crypt,55
2026-03-30,Se7en87,Cobra Chest,25,Common Crypt,55
2026-03-30,Se7en87,Cobra Chest,25,Common Crypt,55
2026-03-30,Se7en87,Cobra Chest,25,Common Crypt,55
2026-03-30,Se7en87,Infernal Chest,25,Common Crypt,55
2026-03-30,Se7en87,Infernal Chest,25,Common Crypt,55
2026-03-30,Se7en87,Infernal Chest,25,Common Crypt,55
2026-03-30,Se7en87,Infernal Chest,25,Common Crypt,55
2026-03-30,Se7en87,Infernal Chest,25,Common Crypt,55
2026-03-30,Se7en87,Infernal Chest,25,Common Crypt,55
2026-03-30,Se7en87,Infernal Chest,25,Common Crypt,55
2026-03-30,Se7en87,Infernal Chest,25,Common Crypt,55
2026-03-30,Se7en87,Infernal Chest,25,Common Crypt,55
2026-03-30,Se7en87,Infernal Chest,25,Common Crypt,55
2026-03-30,Se7en87,Infernal Chest,25,Common Crypt,55
2026-03-30,Se7en87,Infernal Chest,25,Common Crypt,55
2026-03-30,Se7en87,Infernal Chest,25,Common Crypt,55
2026-03-30,Se7en87,Infernal Chest,25,Common Crypt,55
2026-03-30,Se7en87,Infernal Chest,25,Common Crypt,55
2026-03-30,Se7en87,Infernal Chest,25,Common Crypt,55
2026-03-30,Se7en87,Infernal Chest,25,Common Crypt,55
2026-03-30,Se7en87,Infernal Chest,25,Common Crypt,55
2026-03-30,Se7en87,Infernal Chest,25,Common Crypt,55
2026-03-30,Se7en87,Infernal Chest,25,Common Crypt,55
2026-03-30,Se7en87,Infernal Chest,25,Common Crypt,55
2026-03-30,Se7en87,Infernal Chest,25,Common Crypt,55
2026-03-30,Se7en87,Infernal Chest,25,Common Crypt,55
2026-03-30,Se7en87,Infernal Chest,25,Common Crypt,55
2026-03-30,Se7en87,Infernal Chest,25,Common Crypt,55
2026-03-30,Se7en87,Infernal Chest,25,Common Crypt,55
2026-03-30,Se7en87,Infernal Chest,25,Common Crypt,55
2026-03-30,Se7en87,Infernal Chest,25,Common Crypt,55
2026-03-30,Se7en87,Orc Chest,25,Common Crypt,55
2026-03-30,Se7en87,Orc Chest,25,Common Crypt,55
2026-03-30,Se7en87,Orc Chest,25,Common Crypt,55
2026-03-30,Se7en87,Orc Chest,25,Common Crypt,55
2026-03-30,Se7en87,Orc Chest,25,Common Crypt,55
2026-03-30,Se7en87,Orc Chest,25,Common Crypt,55
2026-03-30,Se7en87,Orc Chest,25,Common Crypt,55
2026-03-30,Se7en87,Orc Chest,25,Common Crypt,55
2026-03-30,Se7en87,Orc Chest,25,Common Crypt,55
2026-03-30,Se7en87,Orc Chest,25,Common Crypt,55
2026-03-30,Se7en87,Orc Chest,25,Common Crypt,55
2026-03-30,Se7en87,Orc Chest,25,Common Crypt,55
2026-03-30,Se7en87,Orc Chest,25,Common Crypt,55
2026-03-30,Se7en87,Orc Chest,25,Common Crypt,55
2026-03-30,Se7en87,Orc Chest,25,Common Crypt,55
2026-03-30,Se7en87,Orc Chest,25,Common Crypt,55
2026-03-30,Se7en87,Orc Chest,25,Common Crypt,55
2026-03-30,Se7en87,Orc Chest,25,Common Crypt,55
2026-03-30,Se7en87,Orc Chest,25,Common Crypt,55
2026-03-30,Se7en87,Orc Chest,25,Common Crypt,55
2026-03-30,Se7en87,Orc Chest,25,Common Crypt,55
2026-03-30,Se7en87,Orc Chest,25,Common Crypt,55
2026-03-30,Se7en87,Orc Chest,25,Common Crypt,55
2026-03-30,Se7en87,Orc Chest,25,Common Crypt,55
2026-03-30,Se7en87,Orc Chest,25,Common Crypt,55
2026-03-30,Se7en87,Orc Chest,25,Common Crypt,55
2026-03-30,Se7en87,Orc Chest,25,Common Crypt,55
2026-03-30,Se7en87,Orc Chest,25,Common Crypt,55
2026-03-30,Pantera,Rare Dragon Chest,20,rare Crypt,28
2026-03-30,Safa2017,Rare Dragon Chest,25,rare Crypt,72
2026-03-30,Safa2017,Rare Dragon Chest,25,rare Crypt,72
2026-03-30,Safa2017,Rare Dragon Chest,25,rare Crypt,72
2026-03-30,Safa2017,Rare Dragon Chest,25,rare Crypt,72
2026-03-30,Pantera,Rare Dragon Chest,20,rare Crypt,28
2026-03-30,kremlin,Bone Chest,20,Common Crypt,16
2026-03-30,Pantera,Elven Citadel Chest,20,Citadel,12
2026-03-30,Pantera,Elven Citadel Chest,20,Citadel,12
2026-03-30,Chiarka,Orc Chest,25,Common Crypt,55
2026-03-30,Pantera,Elven Citadel Chest,20,Citadel,12
2026-03-30,Pantera,Elven Citadel Chest,20,Citadel,12
2026-03-30,Pantera,Elven Citadel Chest,20,Citadel,12
2026-03-30,Pantera,Rare Dragon Chest,20,rare Crypt,28
2026-03-30,Gleladod,Elven Citadel Chest,20,Citadel,12
2026-03-30,Alessa,Elven Citadel Chest,10,Citadel,0
2026-03-30,Rainterror,Stone Chest,25,Common Crypt,55
2026-03-30,WADA,Orc Chest,25,Common Crypt,55
2026-03-30,WADA,Turtle Chest,20,epic Crypt,45
2026-03-30,WADA,Common Chest of Wealth,0,Clan wealth,0
2026-03-30,WADA,Uncommon Chest of Wealth,0,Clan wealth,0
2026-03-30,WADA,Rare Chest of Wealth,0,Clan wealth,0
2026-03-30,WADA,Epic Chest of Wealth,0,Clan wealth,0
2026-03-30,Ceciel,Elegant Chest,20,Common Crypt,16
2026-03-30,Earfiren,Rare Dragon Chest,20,rare Crypt,28
2026-03-30,Earfiren,Elegant Chest,20,Common Crypt,16
2026-03-30,Godfather,Elegant Chest,25,Common Crypt,55
2026-03-30,Ceciel,Fire Chest,20,Common Crypt,16
2026-03-30,Godfather,Bone Chest,20,Common Crypt,16
2026-03-30,Godfather,Gnome Workshop Chest,25,Common Crypt,55
2026-03-30,Earfiren,Gnome Workshop Chest,25,Common Crypt,55
2026-03-30,Fankayel,Mayan Chest,15,Common Crypt,0
2026-03-30,Fankayel,Cobra Chest,15,Common Crypt,0
2026-03-30,Fankayel,Abandoned Chest,15,epic Crypt,12
2026-03-30,Fankayel,Mayan Chest,15,Common Crypt,0
2026-03-30,Fankayel,Rare Dragon Chest,20,rare Crypt,28
2026-03-30,Karen,Gnome Workshop Chest,20,Common Crypt,16
2026-03-30,Fankayel,Barbarian Chest,20,Common Crypt,16
2026-03-30,Karen,Barbarian Chest,20,Common Crypt,16
2026-03-30,Grikelv,Infernal Chest,25,Common Crypt,55
2026-03-30,Karen,Mayan Chest,20,Common Crypt,16
2026-03-30,Karen,Fire Chest,20,Common Crypt,16
2026-03-30,Karen,Infernal Chest,20,Common Crypt,16
2026-03-30,Karen,Cobra Chest,20,Common Crypt,16
2026-03-30,Vudogore,Sand Chest,20,Common Crypt,16
2026-03-30,Vudogore,Orc Chest,20,Common Crypt,16
2026-03-30,Shadowbringer SK,Rare Dragon Chest,25,rare Crypt,72
2026-03-30,martinman,Mayan Chest,15,Common Crypt,0
2026-03-30,AkhmAn,Cursed Citadel Chest,20,Citadel,12
2026-03-30,Malik2203,Fire Chest,20,Common Crypt,16
2026-03-30,AkhmAn,Cursed Citadel Chest,20,Citadel,12
2026-03-30,Malik2203,Cobra Chest,20,Common Crypt,16
2026-03-30,Malik2203,Stone Chest,20,Common Crypt,16
2026-03-30,Malik2203,Stone Chest,20,Common Crypt,16
2026-03-30,Malik2203,Elegant Chest,20,Common Crypt,16
2026-03-30,Malik2203,Rare Dragon Chest,20,rare Crypt,28
2026-03-30,Malik2203,Harpy Chest,20,epic Crypt,45
2026-03-30,Malik2203,Titansteel Chest,20,epic Crypt,45
2026-03-30,Shadowbringer SK,Cobra Chest,25,Common Crypt,55
2026-03-30,Shadowbringer SK,Mayan Chest,25,Common Crypt,55
2026-03-30,Shadowbringer SK,Elegant Chest,25,Common Crypt,55
2026-03-30,AkhmAn,Elven Citadel Chest,20,Citadel,12
2026-03-30,AkhmAn,Cursed Citadel Chest,20,Citadel,12
2026-03-30,AkhmAn,Cursed Citadel Chest,20,Citadel,12
2026-03-30,Veverka,Orc Chest,10,Common Crypt,0
2026-03-30,Veverka,Mayan Chest,25,Common Crypt,55
2026-03-30,WADA,Rare Dragon Chest,20,rare Crypt,28
2026-03-30,Veverka,Trillium Chest,20,epic Crypt,45
2026-03-30,WADA,Rare Dragon Chest,20,rare Crypt,28
2026-03-30,WADA,Rare Dragon Chest,20,rare Crypt,28
2026-03-30,WADA,Rare Dragon Chest,20,rare Crypt,28
2026-03-30,WADA,Rare Dragon Chest,20,rare Crypt,28
2026-03-30,WADA,Rare Dragon Chest,20,rare Crypt,28
2026-03-30,Tracker,Orc Chest,25,Common Crypt,55
2026-03-30,Tracker,Orc Chest,25,Common Crypt,55
2026-03-30,Gleladod,Gnome Workshop Chest,25,Common Crypt,55
2026-03-30,AkhmAn,Barbarian Chest,20,Common Crypt,16
2026-03-30,Gleladod,Turtle Chest,20,epic Crypt,45
2026-03-30,WADA,Rare Dragon Chest,20,rare Crypt,28
2026-03-30,WADA,Rare Dragon Chest,20,rare Crypt,28
2026-03-30,Gleladod,Infernal Chest,25,Common Crypt,55
2026-03-30,Gleladod,Mayan Chest,25,Common Crypt,55
2026-03-30,WADA,Rare Dragon Chest,20,rare Crypt,28
2026-03-30,WADA,Rare Dragon Chest,20,rare Crypt,28
2026-03-30,Gleladod,Elven Citadel Chest,20,Citadel,12
2026-03-30,AkhmAn,Rare Dragon Chest,20,rare Crypt,28
2026-03-30,AkhmAn,Stone Chest,25,Common Crypt,55
2026-03-30,AkhmAn,Forgotten Chest,20,Common Crypt,16
2026-03-30,AkhmAn,Bone Chest,20,Common Crypt,16
2026-03-30,AkhmAn,Orc Chest,20,Common Crypt,16
2026-03-30,AkhmAn,Abandoned Chest,25,epic Crypt,90
2026-03-30,AkhmAn,Forgotten Chest,20,Common Crypt,16
2026-03-30,wodessen,Bone Chest,20,Common Crypt,16
2026-03-30,wodessen,Infernal Chest,20,Common Crypt,16
2026-03-30,wodessen,Rare Dragon Chest,20,rare Crypt,28
2026-03-30,AkhmAn,Bone Chest,20,Common Crypt,16
2026-03-30,nicklaus,Braided Chest,20,epic Crypt,45
2026-03-30,nicklaus,Fire Chest,20,Common Crypt,16
2026-03-30,nicklaus,Gnome Workshop Chest,25,Common Crypt,55
2026-03-30,ZAR,Fire Chest,20,Common Crypt,16
2026-03-30,ZAR,Orc Chest,20,Common Crypt,16
2026-03-30,Orkanio,Infernal Chest,25,Common Crypt,55
2026-03-30,Orkanio,Fire Chest,25,Common Crypt,55
2026-03-30,Orkanio,Cobra Chest,25,Common Crypt,55
2026-03-30,Orkanio,Elegant Chest,25,Common Crypt,55
2026-03-30,Orkanio,Orc Chest,25,Common Crypt,55
2026-03-30,Orkanio,Bone Chest,25,Common Crypt,55
2026-03-30,Orkanio,Gnome Workshop Chest,25,Common Crypt,55
2026-03-30,Orkanio,Gnome Workshop Chest,25,Common Crypt,55
2026-03-30,Orkanio,Elegant Chest,25,Common Crypt,55
2026-03-30,Orkanio,Elegant Chest,25,Common Crypt,55
2026-03-30,Orkanio,Orc Chest,25,Common Crypt,55
2026-03-30,Orkanio,Stone Chest,25,Common Crypt,55
2026-03-30,Orkanio,Cobra Chest,20,Common Crypt,16
2026-03-30,Andromeda,Trillium Chest,20,epic Crypt,45
2026-03-30,Gleladod,Elven Citadel Chest,20,Citadel,12
2026-03-30,AkhmAn,Rare Dragon Chest,20,rare Crypt,28
2026-03-30,AkhmAn,Sand Chest,20,Common Crypt,16
2026-03-30,AkhmAn,Orc Chest,25,Common Crypt,55
2026-03-30,AkhmAn,Fire Chest,25,Common Crypt,55
2026-03-30,AkhmAn,Fire Chest,20,Common Crypt,16
2026-03-30,Dontrius,Fire Chest,20,Common Crypt,16
2026-03-30,Arch,Common Chest of Wealth,0,Clan wealth,0
2026-03-30,Arch,Uncommon Chest of Wealth,0,Clan wealth,0
2026-03-30,Arch,Rare Chest of Wealth,0,Clan wealth,0
2026-03-30,Arch,Epic Chest of Wealth,0,Clan wealth,0
2026-03-30,Dontrius,Rare Dragon Chest,20,rare Crypt,28
2026-03-30,silver bank haha,Fire Chest,20,Common Crypt,16
2026-03-30,silver bank haha,Fire Chest,20,Common Crypt,16
2026-03-30,silver bank haha,Sand Chest,25,Common Crypt,55
2026-03-30,silver bank haha,Gnome Workshop Chest,25,Common Crypt,55
2026-03-30,silver bank haha,Forgotten Chest,25,Common Crypt,55
2026-03-30,silver bank haha,Barbarian Chest,25,Common Crypt,55
2026-03-30,silver bank haha,Gnome Workshop Chest,20,Common Crypt,16
2026-03-30,silver bank haha,Gnome Workshop Chest,20,Common Crypt,16
2026-03-30,silver bank haha,Bone Chest,20,Common Crypt,16
2026-03-30,silver bank haha,Bone Chest,20,Common Crypt,16
2026-03-30,silver bank haha,Barbarian Chest,20,Common Crypt,16
2026-03-30,Ironwind,Gnome Workshop Chest,20,Common Crypt,16
2026-03-30,silver bank haha,Gnome Workshop Chest,20,Common Crypt,16
2026-03-30,silver bank haha,Cobra Chest,20,Common Crypt,16
2026-03-30,silver bank haha,Rare Dragon Chest,20,rare Crypt,28
2026-03-30,silver bank haha,Rare Dragon Chest,20,rare Crypt,28
2026-03-30,silver bank haha,Rare Dragon Chest,20,rare Crypt,28
2026-03-30,Ironwind,Barbarian Chest,20,Common Crypt,16
2026-03-30,Ironwind,Elegant Chest,20,Common Crypt,16
2026-03-30,Ironwind,Rare Dragon Chest,20,rare Crypt,28
2026-03-30,Ironwind,Rare Dragon Chest,25,rare Crypt,72
2026-03-30,Frostworker,Elven Citadel Chest,20,Citadel,12
2026-03-30,Max Mayhem,Gnome Workshop Chest,20,Common Crypt,16
2026-03-30,Frostworker,Elven Citadel Chest,20,Citadel,12
2026-03-30,Goku,Minotaur Chest,15,epic Crypt,12
2026-03-30,StellaVist,Fire Chest,20,Common Crypt,16
2026-03-30,Maffy,Orc Chest,25,Common Crypt,55
2026-03-30,Gleladod,Rare Dragon Chest,20,rare Crypt,28
2026-03-30,Gleladod,Rare Dragon Chest,20,rare Crypt,28
2026-03-30,Gleladod,Rare Dragon Chest,15,rare Crypt,8
2026-03-30,Maffy,Orc Chest,20,Common Crypt,16
2026-03-30,Gleladod,Rare Dragon Chest,20,rare Crypt,28
2026-03-30,nicklaus,Union Chest,0,Union of Triumph personal reward,0
2026-03-30,nicklaus,Union Chest,0,Union of Triumph personal reward,0
2026-03-30,nicklaus,Union Chest,0,Union of Triumph personal reward,0
2026-03-30,Gleladod,Gnome Workshop Chest,20,Common Crypt,16
2026-03-30,Gleladod,Rare Dragon Chest,20,rare Crypt,28
2026-03-30,Gleladod,Rare Dragon Chest,20,rare Crypt,28
2026-03-30,Ladislaus,Sand Chest,25,Common Crypt,55
2026-03-30,Ladislaus,Cobalt Chest,25,epic Crypt,90
2026-03-30,Ladislaus,Sand Chest,25,Common Crypt,55
2026-03-30,Shak2,Stone Chest,25,Common Crypt,55
2026-03-30,Shak2,Elegant Chest,25,Common Crypt,55
2026-03-30,Sengul,Gnome Workshop Chest,20,Common Crypt,16
2026-03-30,Sengul,Minotaur Chest,20,epic Crypt,45
2026-03-30,Frostworker,Barbarian Chest,25,Common Crypt,55
2026-03-30,Cassio,Sand Chest,20,Common Crypt,16
2026-03-30,Mohamed,Minotaur Chest,20,epic Crypt,45
2026-03-30,Frostworker,Rare Dragon Chest,20,rare Crypt,28
2026-03-30,WadA,Rare Dragon Chest,20,rare Crypt,28
2026-03-30,Cassio,Fire Chest,20,Common Crypt,16
2026-03-30,Luchdaing,Union Chest,0,Union of Triumph personal reward,0
2026-03-30,Luchdaing,Union Chest,0,Union of Triumph personal reward,0
2026-03-30,Luchdaing,Union Chest,0,Union of Triumph personal reward,0
2026-03-30,Luchdaing,Union Chest,0,Union of Triumph personal reward,0
2026-03-30,Luchdaing,Union Chest,0,Union of Triumph personal reward,0
2026-03-30,Luchdaing,Union Chest,0,Union of Triumph personal reward,0
2026-03-30,Luchdaing,Union Chest,0,Union of Triumph personal reward,0
2026-03-30,Luchdaing,Union Chest,0,Union of Triumph personal reward,0
2026-03-30,Kekelv,Stone Chest,20,Common Crypt,16
2026-03-30,Kekelv,Sand Chest,20,Common Crypt,16
2026-03-30,Kekelv,Infernal Chest,20,Common Crypt,16
2026-03-30,ZAR,Elegant Chest,20,Common Crypt,16
2026-03-30,ZAR,Mayan Chest,20,Common Crypt,16
2026-03-30,ZAR,Sand Chest,20,Common Crypt,16
2026-03-30,Eloise,Gladiator's Chest,0,Arena,0
2026-03-30,Pantera,Stone Chest,20,Common Crypt,16
2026-03-30,Eloise,Gladiator's Chest,0,Arena,0
2026-03-30,Pantera,Chest of the Cursed,15,epic Crypt,12
2026-03-30,Pantera,Elegant Chest,20,Common Crypt,16
2026-03-30,Pantera,Bone Chest,20,Common Crypt,16
2026-03-30,Pantera,Rare Dragon Chest,20,rare Crypt,28
2026-03-30,Eloise,Gladiator's Chest,0,Arena,0
2026-03-30,Corpas,Stone Chest,20,Common Crypt,16
2026-03-30,Corpas,Mayan Chest,20,Common Crypt,16
2026-03-30,Corpas,Cobra Chest,20,Common Crypt,16
2026-03-30,Wada,Infernal Chest,15,Common Crypt,0
2026-03-30,Wada,Stone Chest,15,Common Crypt,0
2026-03-30,Wada,Stone Chest,15,Common Crypt,0
2026-03-30,Wada,Titansteel Chest,15,epic Crypt,12
2026-03-30,Wada,Braided Chest,15,epic Crypt,12
2026-03-30,Finiminil,Infernal Chest,20,Common Crypt,16
2026-03-30,martinman,Mayan Chest,5,Common Crypt,0
2026-03-30,Finiminil,Mayan Chest,25,Common Crypt,55
2026-03-30,martinman,Rare Dragon Chest,15,rare Crypt,8
2026-03-30,Safa2017,Infernal Chest,25,Common Crypt,55
2026-03-30,Finiminil,Mayan Chest,20,Common Crypt,16
2026-03-30,Safa2017,Elegant Chest,25,Common Crypt,55
2026-03-30,martinman,Bone Chest,5,Common Crypt,0
2026-03-30,Safa2017,Infernal Chest,20,Common Crypt,16
2026-03-30,martinman,Infernal Chest,15,Common Crypt,0
2026-03-30,martinman,Scarab Chest,20,epic Crypt,45
2026-03-30,nicklaus,Fire Chest,25,Common Crypt,55
2026-03-30,nicklaus,Elegant Chest,25,Common Crypt,55
2026-03-30,martinman,Braided Chest,20,epic Crypt,45
2026-03-30,nicklaus,Gnome Workshop Chest,25,Common Crypt,55
2026-03-30,Mel,Gnome Workshop Chest,20,Common Crypt,16
2026-03-30,Corpas,Elegant Chest,20,Common Crypt,16
2026-03-30,Mohamed,Barbarian Chest,20,Common Crypt,16
2026-03-30,Corpas,Mayan Chest,20,Common Crypt,16
2026-03-30,martinman,Fire Chest,5,Common Crypt,0
2026-03-30,Mohamed,Elegant Chest,20,Common Crypt,16
2026-03-30,Mel,Infernal Chest,20,Common Crypt,16
2026-03-30,Corpas,Bone Chest,25,Common Crypt,55
2026-03-30,Mel,Cobra Chest,20,Common Crypt,16
2026-03-30,Mohamed,Cobra Chest,20,Common Crypt,16
2026-03-30,Eloise,Elven Citadel Chest,20,Citadel,12
2026-03-30,nicklaus,Rare Dragon Chest,25,rare Crypt,72
2026-03-30,martinman,Rare Dragon Chest,15,rare Crypt,8
2026-03-30,Malik2203,Gnome Workshop Chest,20,Common Crypt,16
2026-03-30,Malik2203,Mayan Chest,20,Common Crypt,16
2026-03-30,Malik2203,Orc Chest,20,Common Crypt,16
2026-03-30,se7en87,Gladiator's Chest,0,Arena,0
2026-03-30,wodessen,Gnome Workshop Chest,20,Common Crypt,16
2026-03-30,Malik2203,Elven Citadel Chest,20,Citadel,12
2026-03-30,Coris,Gladiator's Chest,0,Arena,0
2026-03-30,martinman,Rare Dragon Chest,15,rare Crypt,8
2026-03-30,wodessen,Ancient Warrior's Chest,25,epic Crypt,90
2026-03-30,Sengul,Forgotten Chest,5,Common Crypt,0
2026-03-30,Sengul,Stone Chest,10,Common Crypt,0
2026-03-30,Sengul,Sand Chest,5,Common Crypt,0
2026-03-30,martinman,Rare Dragon Chest,15,rare Crypt,8
2026-03-30,martinman,Rare Dragon Chest,15,rare Crypt,8
2026-03-30,martinman,Rare Dragon Chest,15,rare Crypt,8
2026-03-30,martinman,Rare Dragon Chest,15,rare Crypt,8
2026-03-30,Sengul,Elven Citadel Chest,20,Citadel,12
2026-03-30,Coris,Fire Chest,20,Common Crypt,16
2026-03-30,Veverka,Gnome Workshop Chest,10,Common Crypt,0
2026-03-30,Sharpstone,Infernal Chest,5,Common Crypt,0
2026-03-30,martinman,Rare Dragon Chest,15,rare Crypt,8
2026-03-30,Sharpstone,Forgotten Chest,5,Common Crypt,0
2026-03-30,Sharpstone,Infernal Chest,10,Common Crypt,0
2026-03-30,Godfather,Runic Chest,20,Raid Runic squad,0
2026-03-30,Veverka,Runic Chest,25,Raid Runic squad,0
2026-03-30,Eloise,Union Chest,0,Union of Triumph personal reward,0
2026-03-30,Mikashura,Union Chest,0,Union of Triumph personal reward,0
2026-03-30,Mikashura,Union Chest,0,Union of Triumph personal reward,0
2026-03-30,Mikashura,Union Chest,0,Union of Triumph personal reward,0
2026-03-30,Mikashura,Union Chest,0,Union of Triumph personal reward,0
2026-03-30,Mikashura,Union Chest,0,Union of Triumph personal reward,0
2026-03-30,Mikashura,Union Chest,0,Union of Triumph personal reward,0
2026-03-30,Mikashura,Union Chest,0,Union of Triumph personal reward,0
2026-03-30,Mikashura,Union Chest,0,Union of Triumph personal reward,0
2026-03-30,Corpas,Union Chest,0,Union of Triumph personal reward,0
2026-03-30,Meninad,Barbarian Chest,25,Common Crypt,55
2026-03-30,Se7en87,Orc Chest,25,Common Crypt,55
2026-03-30,Se7en87,Stone Chest,25,Common Crypt,55
2026-03-30,Coris,Cobra Chest,20,Common Crypt,16
2026-03-30,Coris,Cobra Chest,25,Common Crypt,55
2026-03-30,Se7en87,Stone Chest,25,Common Crypt,55
2026-03-30,Vudogore,Runic Chest,25,Raid Runic squad,0
2026-03-30,Corpas1,Rare Dragon Chest,20,rare Crypt,28
2026-03-30,Corpas1,Rare Dragon Chest,20,rare Crypt,28
2026-03-30,corpas,Runic Chest,25,Raid Runic squad,0
2026-03-30,Corpas1,Rare Dragon Chest,20,rare Crypt,28
2026-03-30,Corpas1,Abandoned Chest,25,epic Crypt,90
2026-03-30,Corpas1,Rare Dragon Chest,20,rare Crypt,28
2026-03-30,Safa2017,Union Chest,0,Union of Triumph personal reward,0
2026-03-30,Safa2017,Union Chest,0,Union of Triumph personal reward,0
2026-03-30,Safa2017,Union Chest,0,Union of Triumph personal reward,0
2026-03-30,Safa2017,Union Chest,0,Union of Triumph personal reward,0
2026-03-30,Safa2017,Union Chest,0,Union of Triumph personal reward,0
2026-03-30,Dontrius,Barbarian Chest,20,Common Crypt,16
2026-03-30,Rain Fire,Union Chest,0,Union of Triumph personal reward,0
2026-03-30,Rain Fire,Union Chest,0,Union of Triumph personal reward,0
2026-03-30,Rain Fire,Union Chest,0,Union of Triumph personal reward,0
2026-03-30,Rain Fire,Union Chest,0,Union of Triumph personal reward,0
2026-03-30,Rain Fire,Union Chest,0,Union of Triumph personal reward,0
2026-03-30,Se7en87,Union Chest,0,Union of Triumph personal reward,0
2026-03-30,Se7en87,Union Chest,0,Union of Triumph personal reward,0
2026-03-30,Se7en87,Union Chest,0,Union of Triumph personal reward,0
2026-03-30,Se7en87,Union Chest,0,Union of Triumph personal reward,0
2026-03-30,Se7en87,Union Chest,0,Union of Triumph personal reward,0
2026-03-30,se7en87,Union Chest,0,Union of Triumph personal reward,0
2026-03-30,se7en87,Union Chest,0,Union of Triumph personal reward,0
2026-03-30,se7en87,Union Chest,0,Union of Triumph personal reward,0
2026-03-30,se7en87,Union Chest,0,Union of Triumph personal reward,0
2026-03-30,se7en87,Union Chest,0,Union of Triumph personal reward,0
2026-03-30,TurinTurambar,Barbarian Chest,25,Common Crypt,55
2026-03-30,Dontrius,Rare Dragon Chest,20,rare Crypt,28
2026-03-30,Vudogore,Runic Chest,25,Raid Runic squad,0
2026-03-30,Corpas,Runic Chest,20,Raid Runic squad,0
2026-03-30,Finiminil,Union Chest,0,Union of Triumph personal reward,0
2026-03-30,Finiminil,Union Chest,0,Union of Triumph personal reward,0
2026-03-30,Finiminil,Union Chest,0,Union of Triumph personal reward,0
2026-03-30,Finiminil,Union Chest,0,Union of Triumph personal reward,0
2026-03-30,Finiminil,Union Chest,0,Union of Triumph personal reward,0
2026-03-30,Finiminil,Runic Chest,30,Raid Runic squad,0
2026-03-30,TurinTurambar,Gnome Workshop Chest,25,Common Crypt,55
2026-03-30,TurinTurambar,Barbarian Chest,25,Common Crypt,55
2026-03-30,TurinTurambar,Orc Chest,25,Common Crypt,55
2026-03-30,Ladislaus,Runic Chest,25,Raid Runic squad,0
2026-03-30,nicklaus,Runic Chest,25,Raid Runic squad,0
2026-03-30,Dontrius,Rare Dragon Chest,25,rare Crypt,72
2026-03-30,Seraning,Fire Chest,10,Common Crypt,0
2026-03-30,Heof,Stone Chest,5,Common Crypt,0
2026-03-30,Heof,Cobra Chest,5,Common Crypt,0
2026-03-30,StellaVist,Runic Chest,20,Raid Runic squad,0
2026-03-30,Heof,Gnome Workshop Chest,5,Common Crypt,0
2026-03-30,Heof,Gladiator's Chest,0,Arena,0
2026-03-30,Corpas,Chest of the Cursed,20,epic Crypt,45
2026-03-30,Meninad,Runic Chest,25,Raid Runic squad,0
2026-03-30,Rambam,Runic Chest,30,Raid Runic squad,0
2026-03-30,StellaVist,Runic Chest,25,Raid Runic squad,0
2026-03-30,martinman,Rare Dragon Chest,15,rare Crypt,8
2026-03-30,nicklaus,Runic Chest,20,Raid Runic squad,0
2026-03-30,StellaVist,Runic Chest,25,Raid Runic squad,0
2026-03-30,nicklaus,Runic Chest,25,Raid Runic squad,0
2026-03-30,Heof,Runic Chest,20,Raid Runic squad,0
2026-03-30,TurinTurambar,Runic Chest,35,Raid Runic squad,0
2026-03-30,Se7en87,Runic Chest,30,Raid Runic squad,0
2026-03-30,martinman,Rare Dragon Chest,10,rare Crypt,2
2026-03-30,Seraning,Forgotten Chest,10,Common Crypt,0
2026-03-30,nicklaus,Runic Chest,20,Raid Runic squad,0
2026-03-30,Se7en87,Runic Chest,30,Raid Runic squad,0
2026-03-30,Vudogore,Runic Chest,25,Raid Runic squad,0
2026-03-30,Se7en87,Runic Chest,35,Raid Runic squad,0
2026-03-30,Dontrius,Runic Chest,25,Raid Runic squad,0
2026-03-30,martinman,Rare Dragon Chest,15,rare Crypt,8
2026-03-30,Ladislaus,Runic Chest,25,Raid Runic squad,0
2026-03-30,Se7en87,Runic Chest,35,Raid Runic squad,0
2026-03-30,TurinTurambar,Runic Chest,35,Raid Runic squad,0
2026-03-30,nicklaus,Runic Chest,25,Raid Runic squad,0
2026-03-30,TurinTurambar,Runic Chest,25,Raid Runic squad,0
2026-03-30,Se7en87,Runic Chest,35,Raid Runic squad,0
2026-03-30,Shadowbringer SK,Barbarian Chest,25,Common Crypt,55
2026-03-30,Shadowbringer SK,Orc Chest,25,Common Crypt,55
2026-03-30,Shadowbringer SK,Bone Chest,25,Common Crypt,55
2026-03-30,nicklaus,Runic Chest,25,Raid Runic squad,0
2026-03-30,Vudogore,Runic Chest,20,Raid Runic squad,0
2026-03-30,Bebur,Orc Chest,20,Common Crypt,16
2026-03-30,Earfiren,Forgotten Chest,20,Common Crypt,16
2026-03-30,Vudogore,Runic Chest,25,Raid Runic squad,0
2026-03-30,Maffy,Trillium Chest,15,epic Crypt,12
2026-03-30,Kekelv,Cobra Chest,20,Common Crypt,16
2026-03-30,Eloise,Runic Chest,30,Raid Runic squad,0
2026-03-30,martinman,Elven Citadel Chest,10,Citadel,0
2026-03-30,Se7en87,Runic Chest,30,Raid Runic squad,0
2026-03-30,Earfiren,Fire Chest,20,Common Crypt,16
2026-03-30,Shadowbringer SK,Elven Citadel Chest,20,Citadel,12
2026-03-30,KaLisi,Runic Chest,20,Raid Runic squad,0
2026-03-30,KaLisi,Runic Chest,25,Raid Runic squad,0
2026-03-30,TurinTurambar,Runic Chest,30,Raid Runic squad,0
2026-03-30,Se7en87,Runic Chest,30,Raid Runic squad,0
2026-03-30,Kekelv,Rare Dragon Chest,20,rare Crypt,28
2026-03-30,KaLisi,Runic Chest,35,Raid Runic squad,0
2026-03-30,StellaVist,Runic Chest,25,Raid Runic squad,0
2026-03-30,Maffy,House of Horrors Chest,15,epic Crypt,12
2026-03-30,KaLisi,Runic Chest,20,Raid Runic squad,0
2026-03-30,Se7en87,Runic Chest,35,Raid Runic squad,0
2026-03-30,Finiminil,Barbarian Chest,25,Common Crypt,55
2026-03-30,Earfiren,Cobra Chest,25,Common Crypt,55
2026-03-30,alking1,Bone Chest,20,Common Crypt,16
2026-03-30,Se7en87,Runic Chest,40,Raid Runic squad,0
2026-03-30,Finiminil,Runic Chest,25,Raid Runic squad,0
2026-03-30,Luchdaing,Hermes Chest,0,Hermes' Store,1
2026-03-30,Luchdaing,Hermes Chest,0,Hermes' Store,1
2026-03-30,Luchdaing,Hermes Chest,0,Hermes' Store,1
2026-03-30,Luchdaing,Hermes Chest,0,Hermes' Store,1
2026-03-30,alking1,Cobra Chest,20,Common Crypt,16
2026-03-30,Earfiren,Cobra Chest,25,Common Crypt,55
2026-03-30,Dontrius,Runic Chest,25,Raid Runic squad,0
2026-03-30,ozin blesin,Ancient Warrior's Chest,20,epic Crypt,45
2026-03-30,ozin blesin,Ancient Warrior's Chest,20,epic Crypt,45
2026-03-30,Se7en87,Hermes Chest,0,Hermes' Store,1
2026-03-30,Se7en87,Hermes Chest,0,Hermes' Store,1
2026-03-30,Se7en87,Hermes Chest,0,Hermes' Store,1
2026-03-30,Se7en87,Hermes Chest,0,Hermes' Store,1
2026-03-30,Se7en87,Hermes Chest,0,Hermes' Store,1
2026-03-30,Finiminil,Forgotten Chest,20,Common Crypt,16
2026-03-30,ozin blesin,Priest's Chest,20,epic Crypt,45
2026-03-30,se7en87,Hermes Chest,0,Hermes' Store,1
2026-03-30,se7en87,Hermes Chest,0,Hermes' Store,1
2026-03-30,se7en87,Hermes Chest,0,Hermes' Store,1
2026-03-30,se7en87,Hermes Chest,0,Hermes' Store,1
2026-03-30,se7en87,Hermes Chest,0,Hermes' Store,1
2026-03-30,Se7en87,Runic Chest,40,Raid Runic squad,0
2026-03-30,alking1,Bone Chest,20,Common Crypt,16
2026-03-30,ozin blesin,Chest of the Cursed,20,epic Crypt,45
2026-03-30,Finiminil,Hermes Chest,0,Hermes' Store,1
2026-03-30,Finiminil,Hermes Chest,0,Hermes' Store,1
2026-03-30,Finiminil,Hermes Chest,0,Hermes' Store,1
2026-03-30,Finiminil,Hermes Chest,0,Hermes' Store,1
2026-03-30,Finiminil,Hermes Chest,0,Hermes' Store,1
2026-03-30,Earfiren,Mayan Chest,20,Common Crypt,16
2026-03-30,ozin blesin,Ancient Warrior's Chest,20,epic Crypt,45
2026-03-30,Grikelv,Barbarian Chest,25,Common Crypt,55
2026-03-30,Se7en87,Runic Chest,40,Raid Runic squad,0
2026-03-30,ozin blesin,Chest of the Cursed,20,epic Crypt,45
2026-03-30,Grikelv,Cobra Chest,25,Common Crypt,55
2026-03-30,Grikelv,Barbarian Chest,20,Common Crypt,16
2026-03-30,Finiminil,Union Chest,0,Union of Triumph personal reward,0
2026-03-30,Finiminil,Union Chest,0,Union of Triumph personal reward,0
2026-03-30,Finiminil,Union Chest,0,Union of Triumph personal reward,0
2026-03-30,Veverka,Union Chest,0,Union of Triumph personal reward,0
2026-03-30,Veverka,Union Chest,0,Union of Triumph personal reward,0
2026-03-30,Veverka,Union Chest,0,Union of Triumph personal reward,0
2026-03-30,Giulio Cesare,Union Chest,0,Union of Triumph personal reward,0
2026-03-30,Giulio Cesare,Union Chest,0,Union of Triumph personal reward,0
2026-03-30,Giulio Cesare,Union Chest,0,Union of Triumph personal reward,0
2026-03-30,KaLisi,House of Horrors Chest,25,epic Crypt,90
2026-03-30,Safa2017,Union Chest,0,Union of Triumph personal reward,0
2026-03-30,Safa2017,Union Chest,0,Union of Triumph personal reward,0
2026-03-30,Safa2017,Union Chest,0,Union of Triumph personal reward,0
2026-03-30,Se7en87,Union Chest,0,Union of Triumph personal reward,0
2026-03-30,Se7en87,Union Chest,0,Union of Triumph personal reward,0
2026-03-30,Se7en87,Union Chest,0,Union of Triumph personal reward,0
2026-03-30,se7en87,Union Chest,0,Union of Triumph personal reward,0
2026-03-30,se7en87,Union Chest,0,Union of Triumph personal reward,0
2026-03-30,se7en87,Union Chest,0,Union of Triumph personal reward,0
2026-03-30,Chiarka,Hermes Chest,0,Hermes' Store,1
2026-03-30,Mohamed,Runic Chest,25,Raid Runic squad,0
2026-03-30,Eloise,Union Chest,0,Union of Triumph personal reward,0
2026-03-30,Eloise,Union Chest,0,Union of Triumph personal reward,0
2026-03-30,Eloise,Union Chest,0,Union of Triumph personal reward,0
2026-03-30,KaLisi,Turtle Chest,25,epic Crypt,90
2026-03-30,Earfiren,Infernal Chest,25,Common Crypt,55
2026-03-30,Frostworker,Gladiator's Chest,0,Arena,0
2026-03-30,Earfiren,Hermes Chest,0,Hermes' Store,1
2026-03-30,Earfiren,Hermes Chest,0,Hermes' Store,1
2026-03-30,KaLisi,Chest of the Cursed,25,epic Crypt,90
2026-03-30,KaLisi,Runic Chest,35,Raid Runic squad,0
2026-03-30,Cordanaya,Elegant Chest,20,Common Crypt,16
2026-03-30,Sailv,Union Chest,0,Union of Triumph personal reward,0
2026-03-30,Sailv,Union Chest,0,Union of Triumph personal reward,0
2026-03-30,Sailv,Union Chest,0,Union of Triumph personal reward,0
2026-03-30,CRAIOVA,Cobra Chest,15,Common Crypt,0
2026-03-30,Rain Fire,Hermes Chest,0,Hermes' Store,1
2026-03-30,Rain Fire,Hermes Chest,0,Hermes' Store,1
2026-03-30,Rain Fire,Hermes Chest,0,Hermes' Store,1
2026-03-30,Rain Fire,Hermes Chest,0,Hermes' Store,1
2026-03-30,Rain Fire,Hermes Chest,0,Hermes' Store,1
2026-03-30,Vudogore,Union Chest,0,Union of Triumph personal reward,0
2026-03-30,Vudogore,Union Chest,0,Union of Triumph personal reward,0
2026-03-30,Vudogore,Union Chest,0,Union of Triumph personal reward,0
2026-03-30,Giulio Cesare,Barbarian Chest,20,Common Crypt,16
2026-03-30,KaLisi,Union Chest,0,Union of Triumph personal reward,0
2026-03-30,KaLisi,Union Chest,0,Union of Triumph personal reward,0
2026-03-30,KaLisi,Union Chest,0,Union of Triumph personal reward,0
2026-03-30,ozin blesin,Forgotten Chest,20,Common Crypt,16
2026-03-30,Vudogore,Hermes Chest,0,Hermes' Store,1
2026-03-30,Vudogore,Hermes Chest,0,Hermes' Store,1
2026-03-30,Vudogore,Hermes Chest,0,Hermes' Store,1
2026-03-30,KaLisi,White Wood Chest,25,epic Crypt,90
2026-03-30,nicklaus,Union Chest,0,Union of Triumph personal reward,0
2026-03-30,nicklaus,Union Chest,0,Union of Triumph personal reward,0
2026-03-30,nicklaus,Union Chest,0,Union of Triumph personal reward,0
2026-03-30,Giulio Cesare,Bone Chest,20,Common Crypt,16
2026-03-30,Chiarka,Runic Chest,25,Raid Runic squad,0
2026-03-30,Giulio Cesare,Elegant Chest,20,Common Crypt,16
2026-03-30,ozin blesin,Forgotten Chest,20,Common Crypt,16
2026-03-30,Giulio Cesare,Infernal Chest,20,Common Crypt,16
2026-03-30,Cordanaya,Gnome Workshop Chest,20,Common Crypt,16
2026-03-30,Giulio Cesare,Barbarian Chest,20,Common Crypt,16
2026-03-30,Sailv,Hermes Chest,0,Hermes' Store,1
2026-03-30,Sailv,Hermes Chest,0,Hermes' Store,1
2026-03-30,Sailv,Hermes Chest,0,Hermes' Store,1
2026-03-30,Sailv,Hermes Chest,0,Hermes' Store,1
2026-03-30,Sailv,Hermes Chest,0,Hermes' Store,1
2026-03-30,Bebur,Sand Chest,20,Common Crypt,16
2026-03-30,Giulio Cesare,Barbarian Chest,20,Common Crypt,16
2026-03-30,ozin blesin,Forgotten Chest,20,Common Crypt,16
2026-03-30,KaLisi,Runic Chest,35,Raid Runic squad,0
2026-03-30,Earfiren,Bone Chest,25,Common Crypt,55
2026-03-30,CRAIOVA,Gnome Workshop Chest,20,Common Crypt,16
2026-03-30,Giulio Cesare,Elegant Chest,20,Common Crypt,16
2026-03-30,Cordanaya,Cobra Chest,20,Common Crypt,16
2026-03-30,Rza,Elegant Chest,25,Common Crypt,55
2026-03-30,Mohamed,Runic Chest,25,Raid Runic squad,0
2026-03-30,Giulio Cesare,Cobra Chest,20,Common Crypt,16
2026-03-30,Eloise,Ancient Warrior's Chest,25,epic Crypt,90
2026-03-30,Eloise,Scorpion Chest,25,epic Crypt,90
2026-03-30,Giulio Cesare,Barbarian Chest,20,Common Crypt,16
2026-03-30,Eloise,Titansteel Chest,25,epic Crypt,90
2026-03-30,Cordanaya,Barbarian Chest,20,Common Crypt,16
2026-03-30,Giulio Cesare,Bone Chest,20,Common Crypt,16
2026-03-30,Ironwind,Union Chest,0,Union of Triumph personal reward,0
2026-03-30,Ironwind,Union Chest,0,Union of Triumph personal reward,0
2026-03-30,Ironwind,Union Chest,0,Union of Triumph personal reward,0
2026-03-30,Eloise,Scarab Chest,25,epic Crypt,90
2026-03-30,Bebur,Orc Chest,15,Common Crypt,0
2026-03-30,Eloise,Rare Dragon Chest,20,rare Crypt,28
2026-03-30,Sailv,Gladiator's Chest,0,Arena,0
2026-03-30,ozin blesin,Rare Dragon Chest,20,rare Crypt,28
2026-03-30,Cordanaya,Barbarian Chest,20,Common Crypt,16
2026-03-30,Seraning,Gnome Workshop Chest,10,Common Crypt,0
2026-03-30,Rza,Sand Chest,25,Common Crypt,55
2026-03-30,nicklaus,Runic Chest,25,Raid Runic squad,0
2026-03-30,Alessa,Elven Citadel Chest,10,Citadel,0
2026-03-30,arcael,Elegant Chest,20,Common Crypt,16
2026-03-30,Rza,Gladiator's Chest,0,Arena,0
2026-03-30,Bebur,Chest of the Cursed,15,epic Crypt,12
2026-03-30,Shadowbringer SK,Union Chest,0,Union of Triumph personal reward,0
2026-03-30,Shadowbringer SK,Union Chest,0,Union of Triumph personal reward,0
2026-03-30,Shadowbringer SK,Union Chest,0,Union of Triumph personal reward,0
2026-03-30,Frostworker,Union Chest,0,Union of Triumph personal reward,0
2026-03-30,Frostworker,Union Chest,0,Union of Triumph personal reward,0
2026-03-30,Frostworker,Union Chest,0,Union of Triumph personal reward,0
2026-03-30,nicklaus,Runic Chest,20,Raid Runic squad,0
2026-03-30,arcael,Sand Chest,20,Common Crypt,16
2026-03-30,Rambam,Mayan Chest,25,Common Crypt,55
2026-03-30,Rambam,Mayan Chest,25,Common Crypt,55
2026-03-30,arcael,Gnome Workshop Chest,20,Common Crypt,16
2026-03-30,Seraning,Sand Chest,10,Common Crypt,0
2026-03-30,arcael,Minotaur Chest,20,epic Crypt,45
2026-03-30,martinman,Elven Citadel Chest,15,Citadel,0
2026-03-30,Rambam,Mayan Chest,25,Common Crypt,55
2026-03-30,Rambam,Orc Chest,25,Common Crypt,55
2026-03-30,Rambam,Orc Chest,25,Common Crypt,55
2026-03-30,Rambam,Bone Chest,15,Common Crypt,0
2026-03-30,arcael,Runic Chest,25,Raid Runic squad,0
2026-03-30,Orkanio,Runic Chest,25,Raid Runic squad,0
2026-03-30,Bebur,Barbarian Chest,20,epic Crypt,45
2026-03-30,Fankayel,Gnome Workshop Chest,25,Common Crypt,55
2026-03-30,Fankayel,Rare Dragon Chest,20,rare Crypt,28
2026-03-30,Fankayel,Fire Chest,20,Common Crypt,16
2026-03-30,Fankayel,Harpy Chest,15,epic Crypt,12
2026-03-30,KaLisi,Runic Chest,25,Raid Runic squad,0
2026-03-30,Fankayel,Orc Chest,15,Common Crypt,0
2026-03-30,Shadowbringer SK,Hermes Chest,0,Hermes' Store,1
2026-03-30,Shadowbringer SK,Hermes Chest,0,Hermes' Store,1
2026-03-30,Shadowbringer SK,Hermes Chest,0,Hermes' Store,1
2026-03-30,Shadowbringer SK,Hermes Chest,0,Hermes' Store,1
2026-03-30,Shadowbringer SK,Hermes Chest,0,Hermes' Store,1
2026-03-30,alking1,Runic Chest,25,Raid Runic squad,0
2026-03-30,Bebur,Orc Chest,20,Common Crypt,16
2026-03-30,Rain Fire,Union Chest,0,Union of Triumph personal reward,0
2026-03-30,Rain Fire,Union Chest,0,Union of Triumph personal reward,0
2026-03-30,Rain Fire,Union Chest,0,Union of Triumph personal reward,0
2026-03-30,Rain Fire,Common Chest of Wealth,0,Clan wealth,0
2026-03-30,Rain Fire,Uncommon Chest of Wealth,0,Clan wealth,0
2026-03-30,Rain Fire,Rare Chest of Wealth,0,Clan wealth,0
2026-03-30,Rain Fire,Epic Chest of Wealth,0,Clan wealth,0
2026-03-30,Ironwind,Bone Chest,25,Common Crypt,55
2026-03-30,Fankayel,Runic Chest,20,Raid Runic squad,0
2026-03-30,Ironwind,Priest's Chest,25,epic Crypt,90
2026-03-30,Ironwind,Rare Dragon Chest,30,rare Crypt,120
2026-03-30,Shak2,Hermes Chest,0,Hermes' Store,1
2026-03-30,Shak2,Hermes Chest,0,Hermes' Store,1
2026-03-30,Shak2,Hermes Chest,0,Hermes' Store,1
2026-03-30,Deli,Scorpion Chest,20,epic Crypt,45
2026-03-30,Fankayel,Runic Chest,20,Raid Runic squad,0
2026-03-30,Eloise,Runic Chest,25,Raid Runic squad,0
2026-03-30,Deli,Mayan Chest,20,Common Crypt,16
2026-03-30,Fankayel,Hermes Chest,0,Hermes' Store,1
2026-03-30,Fankayel,Hermes Chest,0,Hermes' Store,1
2026-03-30,Bebur,Elven Citadel Chest,15,Citadel,0
2026-03-30,Deli,Mayan Chest,20,Common Crypt,16
2026-03-30,StellaVist,Union Chest,0,Union of Triumph personal reward,0
2026-03-30,StellaVist,Union Chest,0,Union of Triumph personal reward,0
2026-03-30,StellaVist,Union Chest,0,Union of Triumph personal reward,0
2026-03-30,StellaVist,Union Chest,0,Union of Triumph personal reward,0
2026-03-30,StellaVist,Union Chest,0,Union of Triumph personal reward,0
2026-03-30,StellaVist,Union Chest,0,Union of Triumph personal reward,0
2026-03-30,StellaVist,Union Chest,0,Union of Triumph personal reward,0
2026-03-30,StellaVist,Union Chest,0,Union of Triumph personal reward,0
2026-03-30,AkhmAn,Runic Chest,25,Raid Runic squad,0
2026-03-30,Ironwind,Bone Chest,20,Common Crypt,16
2026-03-30,StellaVist,Hermes Chest,0,Hermes' Store,1
2026-03-30,StellaVist,Hermes Chest,0,Hermes' Store,1
2026-03-30,StellaVist,Hermes Chest,0,Hermes' Store,1
2026-03-30,StellaVist,Hermes Chest,0,Hermes' Store,1
2026-03-30,StellaVist,Hermes Chest,0,Hermes' Store,1
2026-03-30,Ironwind,Fire Chest,20,Common Crypt,16
2026-03-30,KaLisi,Runic Chest,20,Raid Runic squad,0
2026-03-30,StellaVist,Runic Chest,30,Raid Runic squad,0
2026-03-30,Rza,Mayan Chest,20,Common Crypt,16
2026-03-31,StellaVist,Runic Chest,35,Raid Runic squad,0
2026-03-31,Goku,Hermes Chest,0,Hermes' Store,1
2026-03-31,Goku,Hermes Chest,0,Hermes' Store,1
2026-03-31,Goku,Hermes Chest,0,Hermes' Store,1
2026-03-31,Fankayel,Runic Chest,20,Raid Runic squad,0
2026-03-31,Finiminil,Bone Chest,20,Common Crypt,16
2026-03-31,Finiminil,Runic Chest,25,Raid Runic squad,0
2026-03-31,Keleth,Gnome Workshop Chest,5,Common Crypt,0
2026-03-31,martinman,Elven Citadel Chest,10,Citadel,0
2026-03-31,KaLisi,Runic Chest,25,Raid Runic squad,0
2026-03-31,martinman,Elven Citadel Chest,10,Citadel,0
2026-03-31,Keleth,Fire Chest,5,Common Crypt,0
2026-03-31,KaLisi,Runic Chest,30,Raid Runic squad,0
2026-03-31,martinman,Elven Citadel Chest,15,Citadel,0
2026-03-31,wodessen,Barbarian Chest,20,epic Crypt,45
2026-03-31,Rza,Runic Chest,25,Raid Runic squad,0
2026-03-31,Fankayel,Stone Chest,25,Common Crypt,55
2026-03-31,Mel SK,Runic Chest,25,Raid Runic squad,0
2026-03-31,Mel SK,Sand Chest,25,Common Crypt,55
2026-03-31,Shadowbringer SK,Rare Dragon Chest,20,rare Crypt,28
2026-03-31,martinman,Elven Citadel Chest,10,Citadel,0
2026-03-31,wodessen,Rare Dragon Chest,20,rare Crypt,28
2026-03-31,Rza,Hermes Chest,0,Hermes' Store,1
2026-03-31,Mel SK,Stone Chest,20,Common Crypt,16
2026-03-31,Sharpstone,Hermes Chest,0,Hermes' Store,1
2026-03-31,Sharpstone,Hermes Chest,0,Hermes' Store,1
2026-03-31,Mel SK,Runic Chest,25,Raid Runic squad,0
2026-03-31,MBY,Orc Chest,25,Common Crypt,55
2026-03-31,martinman,Elven Citadel Chest,15,Citadel,0
2026-03-31,Fankayel,Hermes Chest,0,Hermes' Store,1
2026-03-31,Deli,Hermes Chest,0,Hermes' Store,1
2026-03-31,MBY,Infernal Chest,25,Common Crypt,55
2026-03-31,Eloise,Runic Chest,25,Raid Runic squad,0
2026-03-31,KaLisi,Runic Chest,25,Raid Runic squad,0
2026-03-31,martinman,Cursed Citadel Chest,20,Citadel,12
2026-03-31,Rain Fire,Runic Chest,25,Raid Runic squad,0
2026-03-31,wodessen,Runic Chest,20,Raid Runic squad,0
2026-03-31,Eydaen,Union Chest,0,Union of Triumph personal reward,0
2026-03-31,Eydaen,Union Chest,0,Union of Triumph personal reward,0
2026-03-31,Eydaen,Union Chest,0,Union of Triumph personal reward,0
2026-03-31,Mel SK,Rare Dragon Chest,20,rare Crypt,28
2026-03-31,Eloise,Runic Chest,25,Raid Runic squad,0
2026-03-31,StellaVist,Sand Chest,20,Common Crypt,16
2026-03-31,Fankayel,Rare Dragon Chest,20,rare Crypt,28
2026-03-31,StellaVist,Mayan Chest,20,Common Crypt,16
2026-03-31,Andromeda,Runic Chest,25,Raid Runic squad,0
2026-03-31,StellaVist,Mayan Chest,20,Common Crypt,16
2026-03-31,Raven,Hermes Chest,0,Hermes' Store,1
2026-03-31,Raven,Hermes Chest,0,Hermes' Store,1
2026-03-31,Raven,Hermes Chest,0,Hermes' Store,1
2026-03-31,Raven,Hermes Chest,0,Hermes' Store,1
2026-03-31,Raven,Hermes Chest,0,Hermes' Store,1
2026-03-31,Fankayel,Rare Dragon Chest,20,rare Crypt,28
2026-03-31,Corpas,Union Chest,0,Union of Triumph personal reward,0
2026-03-31,Corpas,Union Chest,0,Union of Triumph personal reward,0
2026-03-31,Corpas,Union Chest,0,Union of Triumph personal reward,0
2026-03-31,Harald Bluetooth,Mayan Chest,15,Common Crypt,0
2026-03-31,Harald Bluetooth,Fire Chest,15,Common Crypt,0
2026-03-31,Baco,Braided Chest,20,epic Crypt,45
2026-03-31,wodessen,Rare Dragon Chest,20,rare Crypt,28
2026-03-31,martinman,Stone Chest,20,Common Crypt,16
2026-03-31,Harald Bluetooth,Forgotten Chest,25,Common Crypt,55
2026-03-31,Eloise,Runic Chest,25,Raid Runic squad,0
2026-03-31,Earfiren,Scorpion Chest,25,epic Crypt,90
2026-03-31,Baco,Runic Chest,25,Raid Runic squad,0
2026-03-31,Corpas,Mayan Chest,25,Common Crypt,55
2026-03-31,Corpas,Stone Chest,25,Common Crypt,55
2026-03-31,martinman,Elven Citadel Chest,10,Citadel,0
2026-03-31,AkhmAn,Sand Chest,20,Common Crypt,16
2026-03-31,Mel SK,Runic Chest,25,Raid Runic squad,0
2026-03-31,wodessen,Rare Dragon Chest,20,rare Crypt,28
2026-03-31,Earfiren,Stone Chest,20,Common Crypt,16
2026-03-31,martinman,Elven Citadel Chest,10,Citadel,0
2026-03-31,Corpas1,Infernal Chest,20,Common Crypt,16
2026-03-31,Wada,Gnome Workshop Chest,20,Common Crypt,16
2026-03-31,Corpas1,Barbarian Chest,25,Common Crypt,55
2026-03-31,Earfiren,Sand Chest,20,Common Crypt,16
2026-03-31,Fankayel,Runic Chest,20,Raid Runic squad,0
2026-03-31,martinman,Elven Citadel Chest,15,Citadel,0
2026-03-31,Corpas,Elven Citadel Chest,25,Citadel,28
2026-03-31,Godfather,Runic Chest,25,Raid Runic squad,0
2026-03-31,martinman,Elven Citadel Chest,15,Citadel,0
2026-03-31,wodessen,Barbarian Chest,25,Common Crypt,55
2026-03-31,Dontrius,Runic Chest,25,Raid Runic squad,0
2026-03-31,Fankayel,Ancient Bastion Chest,20,epic Crypt,45
2026-03-31,Corpas,Runic Chest,25,Raid Runic squad,0
2026-03-31,Bebur,Orc Chest,20,Common Crypt,16
2026-03-31,Earfiren,Orc Chest,20,Common Crypt,16
2026-03-31,Corpas,Rare Dragon Chest,25,rare Crypt,72
2026-03-31,Bebur,Orc Chest,20,Common Crypt,16
2026-03-31,AkhmAn,Rare Dragon Chest,20,rare Crypt,28
2026-03-31,Bebur,Orc Chest,20,Common Crypt,16
2026-03-31,Shadowbringer SK,Runic Chest,30,Raid Runic squad,0
2026-03-31,wodessen,Mayan Chest,25,Common Crypt,55
2026-03-31,Shadowbringer SK,Runic Chest,25,Raid Runic squad,0
2026-03-31,martinman,Elven Citadel Chest,10,Citadel,0
2026-03-31,Corpas,Elven Citadel Chest,25,Citadel,28
2026-03-31,AkhmAn,Elegant Chest,20,Common Crypt,16
2026-03-31,Earfiren,Stone Chest,20,Common Crypt,16
2026-03-31,AkhmAn,Minotaur Chest,20,epic Crypt,45
2026-03-31,Corpas,Rare Dragon Chest,25,rare Crypt,72
2026-03-31,Shadowbringer SK,Runic Chest,25,Raid Runic squad,0
2026-03-31,Heof,Union Chest,0,Union of Triumph personal reward,0
2026-03-31,Heof,Union Chest,0,Union of Triumph personal reward,0
2026-03-31,Heof,Union Chest,0,Union of Triumph personal reward,0
2026-03-31,Fankayel,Runic Chest,20,Raid Runic squad,0
2026-03-31,martinman,Elven Citadel Chest,10,Citadel,0
2026-03-31,Shadowbringer SK,Runic Chest,25,Raid Runic squad,0
2026-03-31,martinman,Cursed Citadel Chest,20,Citadel,12
2026-03-31,Mikashura,Union Chest,0,Union of Triumph personal reward,0
2026-03-31,Mikashura,Union Chest,0,Union of Triumph personal reward,0
2026-03-31,Mikashura,Union Chest,0,Union of Triumph personal reward,0
2026-03-31,Shadowbringer SK,Runic Chest,30,Raid Runic squad,0
2026-03-31,Andromeda,Hermes Chest,0,Hermes' Store,1
2026-03-31,Andromeda,Hermes Chest,0,Hermes' Store,1
2026-03-31,Andromeda,Hermes Chest,0,Hermes' Store,1
2026-03-31,Baco,Braided Chest,20,epic Crypt,45
2026-03-31,Heof,Ancient Warrior's Chest,25,epic Crypt,90
2026-03-31,Baco,Elegant Chest,20,Common Crypt,16
2026-03-31,Heof,Chest of the Cursed,20,epic Crypt,45
2026-03-31,Andromeda,Runic Chest,20,Raid Runic squad,0
2026-03-31,Heof,Scarab Chest,20,epic Crypt,45
2026-03-31,Earfiren,Mayan Chest,20,Common Crypt,16
2026-03-31,Keleth,Orc Chest,25,Common Crypt,55
2026-03-31,Heof,House of Horrors Chest,25,epic Crypt,90
2026-03-31,Keleth,Orc Chest,25,Common Crypt,55
2026-03-31,Heof,Fire Chest,25,Common Crypt,55
2026-03-31,Keleth,Orc Chest,25,Common Crypt,55
2026-03-31,Heof,Fire Chest,25,Common Crypt,55
2026-03-31,Earfiren,Elegant Chest,20,Common Crypt,16
2026-03-31,Fankayel,Runic Chest,25,Raid Runic squad,0
2026-03-31,Mekil,Hermes Chest,0,Hermes' Store,1
2026-03-31,Mekil,Hermes Chest,0,Hermes' Store,1
2026-03-31,Mekil,Hermes Chest,0,Hermes' Store,1
2026-03-31,Mekil,Hermes Chest,0,Hermes' Store,1
2026-03-31,Mikashura,Hermes Chest,0,Hermes' Store,1
2026-03-31,Mikashura,Barbarian Chest,25,Common Crypt,55
2026-03-31,Ceciel,Forgotten Chest,20,Common Crypt,16
2026-03-31,Mikashura,Titansteel Chest,20,epic Crypt,45
2026-03-31,Mikashura,Infernal Chest,25,Common Crypt,55
2026-03-31,Mikashura,Forgotten Chest,20,Common Crypt,16
2026-03-31,Mikashura,Mayan Chest,25,Common Crypt,55
2026-03-31,Mikashura,Turtle Chest,20,epic Crypt,45
2026-03-31,Cassio,White Wood Chest,25,epic Crypt,90
2026-03-31,Mikashura,Priest's Chest,20,epic Crypt,45
2026-03-31,Mikashura,Trillium Chest,20,epic Crypt,45
2026-03-31,Presidio de Bangu,Hermes Chest,0,Hermes' Store,1
2026-03-31,Mikashura,Stone Chest,25,Common Crypt,55
2026-03-31,Presidio de Bangu,Gnome Workshop Chest,20,Common Crypt,16
2026-03-31,Presidio de Bangu,Forgotten Chest,20,Common Crypt,16
2026-03-31,Mikashura,Barbarian Chest,25,Common Crypt,55
2026-03-31,Presidio de Bangu,Elegant Chest,20,Common Crypt,16
2026-03-31,Cassio,Barbarian Chest,19,heroic Monster,20
2026-03-31,Luchdaing,Union Chest,0,Union of Triumph personal reward,0
2026-03-31,Luchdaing,Union Chest,0,Union of Triumph personal reward,0
2026-03-31,Luchdaing,Union Chest,0,Union of Triumph personal reward,0
2026-03-31,ZumiroNoia,Stone Chest,25,Common Crypt,55
2026-03-31,RATTUS,Union Chest,0,Union of Triumph personal reward,0
2026-03-31,RATTUS,Union Chest,0,Union of Triumph personal reward,0
2026-03-31,RATTUS,Union Chest,0,Union of Triumph personal reward,0
2026-03-31,Sengul,Cursed Citadel Chest,25,Citadel,28
2026-03-31,Sengul,Cursed Citadel Chest,25,Citadel,28
2026-03-31,Eydaen,Runic Chest,25,Raid Runic squad,0
2026-03-31,Earfiren,Gnome Workshop Chest,20,Common Crypt,16
2026-03-31,Sengul,Cursed Citadel Chest,25,Citadel,28
2026-03-31,Earfiren,Forgotten Chest,20,Common Crypt,16
2026-03-31,Graveleye,Gnome Workshop Chest,20,Common Crypt,16
2026-03-31,Graveleye,Infernal Chest,20,Common Crypt,16
2026-03-31,Graveleye,Rare Dragon Chest,15,rare Crypt,8
2026-03-31,Graveleye,Infernal Chest,20,Common Crypt,16
2026-03-31,Graveleye,Rare Dragon Chest,15,rare Crypt,8
2026-03-31,Mofym,Union Chest,0,Union of Triumph personal reward,0
2026-03-31,Mofym,Union Chest,0,Union of Triumph personal reward,0
2026-03-31,Mofym,Union Chest,0,Union of Triumph personal reward,0
2026-03-31,Donkey Muffins,Union Chest,0,Union of Triumph personal reward,0
2026-03-31,Donkey Muffins,Union Chest,0,Union of Triumph personal reward,0
2026-03-31,Donkey Muffins,Union Chest,0,Union of Triumph personal reward,0
2026-03-31,Graveleye,Stone Chest,20,Common Crypt,16
2026-03-31,Gleladod,Sand Chest,20,Common Crypt,16
2026-03-31,Gleladod,Forgotten Chest,25,Common Crypt,55
2026-03-31,Gleladod,Rare Dragon Chest,10,rare Crypt,2
2026-03-31,Eloise,Gladiator's Chest,0,Arena,0
2026-03-31,Mikashura,Hermes Chest,0,Hermes' Store,1
2026-03-31,Mikashura,Hermes Chest,0,Hermes' Store,1
2026-03-31,Eloise,Gladiator's Chest,0,Arena,0
2026-03-31,Luchdaing,Barbarian Chest,20,Common Crypt,16
2026-03-31,Luchdaing,Cobra Chest,20,Common Crypt,16
2026-03-31,Luchdaing,Gnome Workshop Chest,20,Common Crypt,16
2026-03-31,Rambam,Stone Chest,10,Common Crypt,0
2026-03-31,Luchdaing,Fire Chest,25,Common Crypt,55
2026-03-31,Luchdaing,Cobra Chest,25,Common Crypt,55
2026-03-31,Luchdaing,Gnome Workshop Chest,25,Common Crypt,55
2026-03-31,Luchdaing,Bone Chest,25,Common Crypt,55
2026-03-31,Earfiren,Hermes Chest,0,Hermes' Store,1
2026-03-31,Luchdaing,Elegant Chest,25,Common Crypt,55
2026-03-31,Luchdaing,Fire Chest,25,Common Crypt,55
2026-03-31,Luchdaing,Stone Chest,25,Common Crypt,55
2026-03-31,Luchdaing,Infernal Chest,25,Common Crypt,55
2026-03-31,Luchdaing,Infernal Chest,25,Common Crypt,55
2026-03-31,Luchdaing,Gnome Workshop Chest,25,Common Crypt,55
2026-03-31,Luchdaing,Elegant Chest,25,Common Crypt,55
2026-03-31,Luchdaing,Infernal Chest,25,Common Crypt,55
2026-03-31,Graveleye,Infernal Chest,20,Common Crypt,16
2026-03-31,Graveleye,Mayan Chest,20,Common Crypt,16
2026-03-31,arcael,Hermes Chest,0,Hermes' Store,1
2026-03-31,arcael,Hermes Chest,0,Hermes' Store,1
2026-03-31,Kekelv,Infernal Chest,25,Common Crypt,55
2026-03-31,RATTUS,Sand Chest,10,Common Crypt,0
2026-03-31,Kekelv,Bone Chest,25,Common Crypt,55
2026-03-31,Graveleye,Sand Chest,20,Common Crypt,16
2026-03-31,Graveleye,Fire Chest,20,Common Crypt,16
2026-03-31,Graveleye,Bone Chest,20,Common Crypt,16
2026-03-31,Eydaen,Gnome Workshop Chest,10,Common Crypt,0
2026-03-31,Eydaen,Cobra Chest,20,Common Crypt,16
2026-03-31,Eydaen,Fire Chest,25,Common Crypt,55
2026-03-31,Eydaen,Priest's Chest,20,epic Crypt,45
2026-03-31,Eydaen,Mayan Chest,20,Common Crypt,16
2026-03-31,Eydaen,Gnome Workshop Chest,20,Common Crypt,16
2026-03-31,Eydaen,Sand Chest,25,Common Crypt,55
2026-03-31,Cassio,House of Horrors Chest,20,epic Crypt,45
2026-03-31,Rain Fire,Cobra Chest,25,Common Crypt,55
2026-03-31,Rain Fire,Forgotten Chest,25,Common Crypt,55
2026-03-31,Rain Fire,Stone Chest,25,Common Crypt,55
2026-03-31,Rain Fire,Rare Dragon Chest,20,rare Crypt,28
2026-03-31,Rain Fire,Rare Dragon Chest,20,rare Crypt,28
2026-03-31,arcael,Titansteel Chest,15,epic Crypt,12
2026-03-31,Rain Fire,Rare Dragon Chest,20,rare Crypt,28
2026-03-31,Eloise,Gladiator's Chest,0,Arena,0
2026-03-31,Rain Fire,Rare Dragon Chest,20,rare Crypt,28
2026-03-31,Rain Fire,Cobalt Chest,25,epic Crypt,90
2026-03-31,Sharpstone,Sand Chest,25,Common Crypt,55
2026-03-31,Rain Fire,Priest's Chest,20,epic Crypt,45
2026-03-31,Sharpstone,Infernal Chest,20,Common Crypt,16
2026-03-31,Rain Fire,Abandoned Chest,20,epic Crypt,45
2026-03-31,Finiminil,Abandoned Chest,20,epic Crypt,45
2026-03-31,Rain Fire,Scorpion Chest,25,epic Crypt,90
2026-03-31,Karen,Bone Chest,20,Common Crypt,16
2026-03-31,Finiminil,House of Horrors Chest,20,epic Crypt,45
2026-03-31,Finiminil,Titansteel Chest,20,epic Crypt,45
2026-03-31,Finiminil,White Wood Chest,20,epic Crypt,45
2026-03-31,Karen,Mayan Chest,20,Common Crypt,16
2026-03-31,Finiminil,Ancient Warrior's Chest,20,epic Crypt,45
2026-03-31,Finiminil,Ancient Warrior's Chest,25,epic Crypt,90
2026-03-31,Karen,Mayan Chest,20,Common Crypt,16
2026-03-31,Karen,Infernal Chest,20,Common Crypt,16
2026-03-31,Finiminil,Cobra Chest,20,Common Crypt,16
2026-03-31,Finiminil,Stone Chest,20,Common Crypt,16
2026-03-31,arcael,Sand Chest,20,Common Crypt,16
2026-03-31,Finiminil,Sand Chest,20,Common Crypt,16
2026-03-31,Vudogore,Elegant Chest,20,Common Crypt,16
2026-03-31,arcael,Bone Chest,20,Common Crypt,16
2026-03-31,Vudogore,Priest's Chest,20,epic Crypt,45
2026-03-31,Vudogore,Gnome Workshop Chest,20,Common Crypt,16
2026-03-31,Vudogore,Sand Chest,20,Common Crypt,16
2026-03-31,Vudogore,Rare Dragon Chest,20,rare Crypt,28
2026-03-31,Finiminil,Elven Citadel Chest,25,Citadel,28
2026-03-31,Finiminil,Elven Citadel Chest,25,Citadel,28
2026-03-31,Earfiren,Infernal Chest,20,Common Crypt,16
2026-03-31,Finiminil,Elven Citadel Chest,25,Citadel,28
2026-03-31,arcael,Rare Dragon Chest,20,rare Crypt,28
2026-03-31,Finiminil,Elven Citadel Chest,30,Citadel,60
2026-03-31,Karen,Runic Chest,20,Raid Runic squad,0
2026-03-31,Finiminil,Elven Citadel Chest,25,Citadel,28
2026-03-31,Earfiren,Elven Citadel Chest,20,Citadel,12
2026-03-31,Finiminil,Rare Dragon Chest,25,rare Crypt,72
2026-03-31,Finiminil,Rare Dragon Chest,30,rare Crypt,120
2026-03-31,Finiminil,Rare Dragon Chest,25,rare Crypt,72
2026-03-31,Earfiren,Elven Citadel Chest,20,Citadel,12
2026-03-31,StellaVist,Infernal Chest,20,Common Crypt,16
2026-03-31,StellaVist,White Wood Chest,20,epic Crypt,45
2026-03-31,Earfiren,Elven Citadel Chest,20,Citadel,12
2026-03-31,ZAR,Union Chest,0,Union of Triumph personal reward,0
2026-03-31,ZAR,Union Chest,0,Union of Triumph personal reward,0
2026-03-31,ZAR,Union Chest,0,Union of Triumph personal reward,0
2026-03-31,xoana,Cobra Chest,25,Common Crypt,55
2026-03-31,xoana,Fire Chest,5,Common Crypt,0
2026-03-31,С…РѕР°РїР°,Infernal Chest,5,Common Crypt,0
2026-03-31,Cordanaya,Hermes Chest,0,Hermes' Store,1
2026-03-31,xoana,Forgotten Chest,5,Common Crypt,0
2026-03-31,ZAR,Gnome Workshop Chest,20,Common Crypt,16
2026-03-31,Deli,Barbarian Chest,20,Common Crypt,16
2026-03-31,ZAR,Forgotten Chest,20,Common Crypt,16
2026-03-31,Deli,Stone Chest,20,Common Crypt,16
2026-03-31,Earfiren,Elven Citadel Chest,20,Citadel,12
2026-03-31,ZAR,Elegant Chest,20,Common Crypt,16
2026-03-31,TurinTurambar,House of Horrors Chest,20,epic Crypt,45
2026-03-31,Cordanaya,Elegant Chest,20,Common Crypt,16
2026-03-31,Cordanaya,Elegant Chest,20,Common Crypt,16
2026-03-31,ZAR,Fire Chest,20,Common Crypt,16
2026-03-31,Cordanaya,Sand Chest,20,Common Crypt,16
2026-03-31,ZAR,Elegant Chest,20,Common Crypt,16
2026-03-31,ZAR,Elegant Chest,20,Common Crypt,16
2026-03-31,Earfiren,Elven Citadel Chest,20,Citadel,12
2026-03-31,Cordanaya,Elegant Chest,20,Common Crypt,16
2026-03-31,Paulitouno,Forgotten Chest,10,Common Crypt,0
2026-03-31,Cordanaya,Cobra Chest,20,Common Crypt,16
2026-03-31,Paulitouno,Barbarian Chest,10,Common Crypt,0
2026-03-31,Paulitouno,Elegant Chest,5,Common Crypt,0
2026-03-31,silver bank haha,Gnome Workshop Chest,25,Common Crypt,55
2026-03-31,silver bank haha,Mayan Chest,25,Common Crypt,55
2026-03-31,Earfiren,Elven Citadel Chest,20,Citadel,12
2026-03-31,silver bank haha,Fire Chest,25,Common Crypt,55
2026-03-31,ZAR,Orc Chest,20,Common Crypt,16
2026-03-31,Safa2017,Common Chest of Wealth,0,Clan wealth,0
2026-03-31,Safa2017,Uncommon Chest of Wealth,0,Clan wealth,0
2026-03-31,Safa2017,Rare Chest of Wealth,0,Clan wealth,0
2026-03-31,Safa2017,Epic Chest of Wealth,0,Clan wealth,0
2026-03-31,Cordanaya,Forgotten Chest,20,Common Crypt,16
2026-03-31,Cordanaya,Forgotten Chest,20,Common Crypt,16
2026-03-31,Safa2017,Titansteel Chest,20,epic Crypt,45
2026-03-31,Seraning,Forgotten Chest,10,Common Crypt,0
2026-03-31,Safa2017,Infernal Chest,20,Common Crypt,16
2026-03-31,Safa2017,Braided Chest,20,epic Crypt,45
2026-03-31,Safa2017,Mayan Chest,20,Common Crypt,16
2026-03-31,Safa2017,Stone Chest,20,Common Crypt,16
2026-03-31,ZAR,Runic Chest,20,Raid Runic squad,0
2026-03-31,ZAR,Barbarian Chest,20,Common Crypt,16
2026-03-31,ZAR,Stone Chest,20,Common Crypt,16
2026-03-31,ZAR,Hermes Chest,0,Hermes' Store,1
2026-03-31,ZAR,Hermes Chest,0,Hermes' Store,1
2026-03-31,ZAR,Hermes Chest,0,Hermes' Store,1
2026-03-31,ZAR,Hermes Chest,0,Hermes' Store,1
2026-03-31,ZAR,Hermes Chest,0,Hermes' Store,1
2026-03-31,Earfiren,Mayan Chest,20,Common Crypt,16
2026-03-31,Malik2203,Elegant Chest,25,Common Crypt,55
2026-03-31,ZAR,Infernal Chest,25,Common Crypt,55
2026-03-31,Deli,Scorpion Chest,20,epic Crypt,45
2026-03-31,ZAR,Runic Chest,25,Raid Runic squad,0
2026-03-31,Mel SK,Hermes Chest,0,Hermes' Store,1
2026-03-31,MarkoBRFla,Runic Chest,25,Raid Runic squad,0
2026-03-31,Earfiren,Forgotten Chest,20,Common Crypt,16
2026-03-31,MarkoBRFla,Runic Chest,25,Raid Runic squad,0
2026-03-31,Deli,Elven Citadel Chest,20,Citadel,12
2026-03-31,Mel SK,Runic Chest,25,Raid Runic squad,0
2026-03-31,Deli,Elven Citadel Chest,20,Citadel,12
2026-03-31,Deli,Rare Dragon Chest,20,rare Crypt,28
2026-03-31,Deli,Rare Dragon Chest,20,rare Crypt,28
2026-03-31,Vudogore,Runic Chest,20,Raid Runic squad,0
2026-03-31,ZAR,Runic Chest,20,Raid Runic squad,0
2026-03-31,ZAR,Runic Chest,25,Raid Runic squad,0
2026-03-31,ozin blesin,Forgotten Chest,20,Common Crypt,16
2026-03-31,ZAR,Runic Chest,25,Raid Runic squad,0
2026-03-31,ozin blesin,Forgotten Chest,20,Common Crypt,16
2026-03-31,Frostworker,Elven Citadel Chest,20,Citadel,12
2026-03-31,wodessen,Forgotten Chest,20,Common Crypt,16
2026-03-31,Frostworker,Elven Citadel Chest,20,Citadel,12
2026-03-31,ZAR,Runic Chest,25,Raid Runic squad,0
2026-03-31,Frostworker,Cursed Citadel Chest,20,Citadel,12
2026-03-31,Frostworker,Elven Citadel Chest,20,Citadel,12
2026-03-31,Kulfon,Runic Chest,40,Raid Runic squad,0
2026-03-31,Frostworker,Elven Citadel Chest,20,Citadel,12
2026-03-31,Frostworker,Cursed Citadel Chest,20,Citadel,12
2026-03-31,Frostworker,Elven Citadel Chest,25,Citadel,28
2026-03-31,Kulfon,Runic Chest,40,Raid Runic squad,0
2026-03-31,Frostworker,Orc Chest,25,Common Crypt,55
2026-03-31,Pantera,Cobra Chest,20,Common Crypt,16
2026-03-31,kremlin,Elegant Chest,20,Common Crypt,16
2026-03-31,Pantera,Mayan Chest,20,Common Crypt,16
2026-03-31,kremlin,Forgotten Chest,20,Common Crypt,16
2026-03-31,Pantera,Infernal Chest,20,Common Crypt,16
2026-03-31,kremlin,Barbarian Chest,20,Common Crypt,16
2026-03-31,Pantera,Orc Chest,20,Common Crypt,16
2026-03-31,Pantera,Elegant Chest,20,Common Crypt,16
2026-03-31,Pantera,Barbarian Chest,20,Common Crypt,16
2026-03-31,Pantera,Rare Dragon Chest,20,rare Crypt,28
2026-03-31,Earfiren,Elven Citadel Chest,20,Citadel,12
2026-03-31,ozin blesin,Forgotten Chest,20,Common Crypt,16
2026-03-31,Pantera,Rare Dragon Chest,20,rare Crypt,28
2026-03-31,CRAIOVA,Orc Chest,20,Common Crypt,16
2026-03-31,Pantera,Rare Dragon Chest,20,rare Crypt,28
2026-03-31,Pantera,Turtle Chest,20,epic Crypt,45
2026-03-31,Pantera,Elven Citadel Chest,20,Citadel,12
2026-03-31,Pantera,Elven Citadel Chest,20,Citadel,12
2026-03-31,Pantera,Elven Citadel Chest,20,Citadel,12
2026-03-31,Meninad,Cursed Citadel Chest,25,Citadel,28
2026-03-31,Meninad,Elven Citadel Chest,10,Citadel,0
2026-03-31,Meninad,Elven Citadel Chest,15,Citadel,0
2026-03-31,Pantera,Cursed Citadel Chest,20,Citadel,12
2026-03-31,Meninad,Cursed Citadel Chest,25,Citadel,28
2026-03-31,Godfather,Runic Chest,20,Raid Runic squad,0
2026-03-31,Pantera,Cursed Citadel Chest,20,Citadel,12
2026-03-31,Pantera,Cursed Citadel Chest,20,Citadel,12
2026-03-31,Meninad,Elven Citadel Chest,10,Citadel,0
2026-03-31,Rainterror,Rare Dragon Chest,20,rare Crypt,28
2026-03-31,Pantera,Cursed Citadel Chest,20,Citadel,12
2026-03-31,Pantera,Elven Citadel Chest,20,Citadel,12
2026-03-31,Pantera,Elven Citadel Chest,20,Citadel,12
2026-03-31,Rainterror,Sand Chest,25,Common Crypt,55
2026-03-31,Rainterror,Barbarian Chest,25,Common Crypt,55
2026-03-31,Rainterror,Rare Dragon Chest,20,rare Crypt,28
2026-03-31,Giulio Cesare,Gnome Workshop Chest,20,Common Crypt,16
2026-03-31,Giulio Cesare,Orc Chest,20,Common Crypt,16
2026-03-31,Giulio Cesare,Orc Chest,20,Common Crypt,16
2026-03-31,Kulfon,Runic Chest,40,Raid Runic squad,0
2026-03-31,Defur,Stone Chest,25,Common Crypt,55
2026-03-31,Giulio Cesare,Mayan Chest,20,Common Crypt,16
2026-03-31,Giulio Cesare,Infernal Chest,20,Common Crypt,16
2026-03-31,Giulio Cesare,Sand Chest,20,Common Crypt,16
2026-03-31,Giulio Cesare,Orc Chest,20,Common Crypt,16
2026-03-31,Defur,Fire Chest,20,Common Crypt,16
2026-03-31,Giulio Cesare,Gnome Workshop Chest,20,Common Crypt,16
2026-03-31,Giulio Cesare,Gnome Workshop Chest,20,Common Crypt,16
2026-03-31,Defur,Stone Chest,20,Common Crypt,16
2026-03-31,Giulio Cesare,Fire Chest,20,Common Crypt,16
2026-03-31,AkhmAn,Elven Citadel Chest,20,Citadel,12
2026-03-31,WaDa,Bone Chest,25,Common Crypt,55
2026-03-31,WaDa,Infernal Chest,25,Common Crypt,55
2026-03-31,WaDa,Orc Chest,25,Common Crypt,55
2026-03-31,WadA,Bone Chest,20,Common Crypt,16
2026-03-31,WadA,Fire Chest,20,Common Crypt,16
2026-03-31,Magnuss,Gnome Workshop Chest,20,Common Crypt,16
2026-03-31,Magnuss,Fire Chest,20,Common Crypt,16
2026-03-31,Magnuss,Cobra Chest,20,Common Crypt,16
2026-03-31,Magnuss,Stone Chest,20,Common Crypt,16
2026-03-31,Magnuss,Forgotten Chest,20,Common Crypt,16
2026-03-31,Magnuss,Stone Chest,20,Common Crypt,16
2026-03-31,Max Mayhem,Rare Dragon Chest,15,rare Crypt,8
2026-03-31,Max Mayhem,Rare Dragon Chest,25,rare Crypt,72
2026-03-31,Ceciel,Barbarian Chest,20,Common Crypt,16
2026-03-31,Kulfon,Runic Chest,40,Raid Runic squad,0
2026-03-31,Magnuss,Elegant Chest,20,Common Crypt,16
2026-03-31,Max Mayhem,Rare Dragon Chest,20,rare Crypt,28
2026-03-31,Magnuss,Cobra Chest,20,Common Crypt,16
2026-03-31,Magnuss,Barbarian Chest,20,Common Crypt,16
2026-03-31,Kulfon,Runic Chest,40,Raid Runic squad,0
2026-03-31,Ceciel,Sand Chest,20,Common Crypt,16
2026-03-31,Magnuss,Elegant Chest,20,Common Crypt,16
2026-03-31,Ceciel,Sand Chest,25,Common Crypt,55
2026-03-31,Magnuss,Stone Chest,20,Common Crypt,16
2026-03-31,ZAR,Runic Chest,25,Raid Runic squad,0
2026-03-31,ZAR,Sand Chest,20,Common Crypt,16
2026-03-31,Heof,Mayan Chest,20,Common Crypt,16
2026-03-31,Heof,Elven Citadel Chest,20,Citadel,12
2026-03-31,Heof,Elven Citadel Chest,20,Citadel,12
2026-03-31,Heof,Rare Dragon Chest,20,rare Crypt,28
2026-03-31,Heof,Rare Dragon Chest,20,rare Crypt,28
2026-03-31,Chiarka,Cobra Chest,25,Common Crypt,55
2026-03-31,Chiarka,Elegant Chest,25,Common Crypt,55
2026-03-31,Chiarka,Gnome Workshop Chest,25,Common Crypt,55
2026-03-31,AkhmAn,Cursed Citadel Chest,20,Citadel,12
2026-03-31,AkhmAn,Cursed Citadel Chest,20,Citadel,12
2026-03-31,AkhmAn,Elven Citadel Chest,20,Citadel,12
2026-03-31,AkhmAn,Elven Citadel Chest,20,Citadel,12
2026-03-31,AkhmAn,Cursed Citadel Chest,20,Citadel,12
2026-03-31,AkhmAn,Rare Dragon Chest,20,rare Crypt,28
2026-03-31,AkhmAn,Cobra Chest,20,Common Crypt,16
2026-03-31,AkhmAn,Rare Dragon Chest,20,rare Crypt,28
2026-03-31,AkhmAn,Rare Dragon Chest,20,rare Crypt,28
2026-03-31,WADA,Mayan Chest,25,Common Crypt,55
2026-03-31,Cassio,Elegant Chest,20,Common Crypt,16
2026-03-31,WADA,Bone Chest,25,Common Crypt,55
2026-03-31,AkhmAn,Elegant Chest,20,Common Crypt,16
2026-03-31,WADA,Bone Chest,25,Common Crypt,55
2026-03-31,Baco,Infernal Chest,20,Common Crypt,16
2026-03-31,Baco,Fire Chest,20,Common Crypt,16
2026-03-31,Baco,Cobra Chest,20,Common Crypt,16
2026-03-31,Baco,Trillium Chest,20,epic Crypt,45
2026-03-31,Baco,Titansteel Chest,15,epic Crypt,12
2026-03-31,Baco,Barbarian Chest,20,Common Crypt,16
2026-03-31,Baco,Infernal Chest,20,Common Crypt,16
2026-03-31,Baco,Rare Dragon Chest,15,rare Crypt,8
2026-03-31,Earfiren,Elven Citadel Chest,20,Citadel,12
2026-03-31,Baco,Rare Dragon Chest,15,rare Crypt,8
2026-03-31,Baco,Rare Dragon Chest,15,rare Crypt,8
2026-03-31,Baco,Rare Dragon Chest,10,rare Crypt,2
2026-03-31,Baco,Rare Dragon Chest,10,rare Crypt,2
2026-03-31,Baco,Rare Dragon Chest,20,rare Crypt,28
2026-03-31,Baco,Rare Dragon Chest,20,rare Crypt,28
2026-03-31,Baco,Rare Dragon Chest,20,rare Crypt,28
2026-03-31,Baco,Rare Dragon Chest,20,rare Crypt,28
2026-03-31,Shadowbringer SK,Orc Chest,25,Common Crypt,55
2026-03-31,WADA,Elegant Chest,25,Common Crypt,55
2026-03-31,Shadowbringer SK,White Wood Chest,20,epic Crypt,45
2026-03-31,Goku,Cobra Chest,20,Common Crypt,16
2026-03-31,WADA,Rare Dragon Chest,20,rare Crypt,28
2026-03-31,AkhmAn,Elegant Chest,20,Common Crypt,16
2026-03-31,martinman,Hermes Chest,0,Hermes' Store,1
2026-03-31,martinman,Hermes Chest,0,Hermes' Store,1
2026-03-31,martinman,Hermes Chest,0,Hermes' Store,1
2026-03-31,martinman,Hermes Chest,0,Hermes' Store,1
2026-03-31,martinman,Hermes Chest,0,Hermes' Store,1
2026-03-31,WADA,Rare Dragon Chest,20,rare Crypt,28
2026-03-31,WADA,Rare Dragon Chest,20,rare Crypt,28
2026-03-31,Meninad,Cursed Citadel Chest,20,Citadel,12
2026-03-31,Meninad,Cursed Citadel Chest,20,Citadel,12
2026-03-31,Meninad,Cursed Citadel Chest,20,Citadel,12
2026-03-31,martinman,Elven Citadel Chest,15,Citadel,0
2026-03-31,Meninad,Elven Citadel Chest,20,Citadel,12
2026-03-31,Meninad,Elven Citadel Chest,20,Citadel,12
2026-03-31,Arch,Common Chest of Wealth,0,Clan wealth,0
2026-03-31,Arch,Uncommon Chest of Wealth,0,Clan wealth,0
2026-03-31,Arch,Rare Chest of Wealth,0,Clan wealth,0
2026-03-31,Arch,Epic Chest of Wealth,0,Clan wealth,0
2026-03-31,Goku,Sand Chest,20,Common Crypt,16
2026-03-31,Goku,Stone Chest,20,Common Crypt,16
2026-03-31,martinman,Elven Citadel Chest,15,Citadel,0
2026-03-31,Shak2,Gnome Workshop Chest,25,Common Crypt,55
2026-03-31,Arch,Forgotten Chest,25,Common Crypt,55
2026-03-31,Shak2,Mayan Chest,25,Common Crypt,55
2026-03-31,Arch,Forgotten Chest,25,Common Crypt,55
2026-03-31,Shak2,Cobra Chest,25,Common Crypt,55
2026-03-31,Arch,Orc Chest,25,Common Crypt,55
2026-03-31,martinman,Elven Citadel Chest,15,Citadel,0
2026-03-31,Goku,Elegant Chest,20,Common Crypt,16
2026-03-31,Shak2,Forgotten Chest,25,Common Crypt,55
2026-03-31,Goku,Stone Chest,20,Common Crypt,16
2026-03-31,martinman,Elven Citadel Chest,15,Citadel,0
2026-03-31,StellaVist,Sand Chest,20,Common Crypt,16
2026-03-31,StellaVist,Barbarian Chest,20,Common Crypt,16
2026-03-31,StellaVist,Infernal Chest,20,Common Crypt,16
2026-03-31,StellaVist,Infernal Chest,20,Common Crypt,16
2026-03-31,martinman,Elven Citadel Chest,10,Citadel,0
2026-03-31,StellaVist,Cobra Chest,20,Common Crypt,16
2026-03-31,StellaVist,Gnome Workshop Chest,20,Common Crypt,16
2026-03-31,martinman,Cursed Citadel Chest,20,Citadel,12
2026-03-31,StellaVist,Ancient Bastion Chest,15,epic Crypt,12
2026-03-31,StellaVist,Ancient Bastion Chest,15,epic Crypt,12
2026-03-31,StellaVist,Priest's Chest,15,epic Crypt,12
2026-03-31,StellaVist,Orc Chest,20,Common Crypt,16
2026-03-31,Mekil,Elegant Chest,25,Common Crypt,55
2026-03-31,martinman,Cursed Citadel Chest,20,Citadel,12
2026-03-31,martinman,Cursed Citadel Chest,20,Citadel,12
2026-03-31,Andromeda,Cobra Chest,20,Common Crypt,16
2026-03-31,Andromeda,Mayan Chest,20,Common Crypt,16
2026-03-31,martinman,Rare Dragon Chest,15,rare Crypt,8
2026-03-31,martinman,Cursed Citadel Chest,20,Citadel,12
2026-03-31,nicklaus,Elegant Chest,25,Common Crypt,55
2026-03-31,martinman,Rare Dragon Chest,15,rare Crypt,8
2026-03-31,nicklaus,Turtle Chest,25,epic Crypt,90
2026-03-31,nicklaus,Union Chest,0,Union of Triumph personal reward,0
2026-03-31,nicklaus,Union Chest,0,Union of Triumph personal reward,0
2026-03-31,nicklaus,Union Chest,0,Union of Triumph personal reward,0
2026-03-31,nicklaus,Union Chest,0,Union of Triumph personal reward,0
2026-03-31,nicklaus,White Wood Chest,25,epic Crypt,90
2026-03-31,nicklaus,Union Chest,0,Union of Triumph personal reward,0
2026-03-31,nicklaus,Scarab Chest,25,epic Crypt,90
2026-03-31,nicklaus,White Wood Chest,25,epic Crypt,90
2026-03-31,nicklaus,Barbarian Chest,25,epic Crypt,90
2026-03-31,nicklaus,Elegant Chest,25,Common Crypt,55
2026-03-31,martinman,Rare Dragon Chest,15,rare Crypt,8
2026-03-31,nicklaus,Inferno Chest,20,heroic Monster,30
2026-03-31,nicklaus,Inferno Chest,20,heroic Monster,30
2026-03-31,nicklaus,Hermes Chest,0,Hermes' Store,1
2026-03-31,nicklaus,Hermes Chest,0,Hermes' Store,1
2026-03-31,nicklaus,Hermes Chest,0,Hermes' Store,1
2026-03-31,nicklaus,Hermes Chest,0,Hermes' Store,1
2026-03-31,nicklaus,Hermes Chest,0,Hermes' Store,1
2026-03-31,martinman,Rare Dragon Chest,15,rare Crypt,8
2026-03-31,Meninad,Elven Citadel Chest,20,Citadel,12
2026-03-31,Safa2017,Sand Chest,25,Common Crypt,55
2026-03-31,Safa2017,Rare Dragon Chest,25,rare Crypt,72
2026-03-31,Meninad,Elven Citadel Chest,20,Citadel,12
2026-03-31,Safa2017,Rare Dragon Chest,25,rare Crypt,72
2026-03-31,Safa2017,House of Horrors Chest,25,epic Crypt,90
2026-03-31,nicklaus,Inferno Chest,20,heroic Monster,30
2026-03-31,martinman,Cobra Chest,5,Common Crypt,0
2026-03-31,Meninad,Cursed Citadel Chest,20,Citadel,12
2026-03-31,martinman,Infernal Chest,5,Common Crypt,0
2026-03-31,Malik2203,Turtle Chest,20,epic Crypt,45
2026-03-31,Meninad,Cursed Citadel Chest,20,Citadel,12
2026-03-31,Malik2203,Abandoned Chest,20,epic Crypt,45
2026-03-31,MarkoBRFla,Rare Dragon Chest,25,rare Crypt,72
2026-03-31,martinman,Gnome Workshop Chest,5,Common Crypt,0
2026-03-31,Malik2203,Abandoned Chest,20,epic Crypt,45
2026-03-31,MarkoBRFla,Rare Dragon Chest,25,rare Crypt,72
2026-03-31,Malik2203,Rare Dragon Chest,20,rare Crypt,28
2026-03-31,Malik2203,Cobra Chest,20,Common Crypt,16
2026-03-31,Malik2203,Barbarian Chest,20,Common Crypt,16
2026-03-31,MarkoBRFla,Chest of the Cursed,20,epic Crypt,45
2026-03-31,martinman,Elven Citadel Chest,15,Citadel,0
2026-03-31,Malik2203,Cobra Chest,20,Common Crypt,16
2026-03-31,Malik2203,Elegant Chest,20,Common Crypt,16
2026-03-31,Malik2203,Infernal Chest,20,Common Crypt,16
2026-03-31,AkhmAn,Cursed Citadel Chest,20,Citadel,12
2026-03-31,Malik2203,Mayan Chest,20,Common Crypt,16
2026-03-31,Ceciel,Gnome Workshop Chest,25,Common Crypt,55
2026-03-31,Ceciel,Bone Chest,20,Common Crypt,16
2026-03-31,MarkoBRFla,Bone Chest,25,Common Crypt,55
2026-03-31,MarkoBRFla,Cobra Chest,25,Common Crypt,55
2026-03-31,Ceciel,Mayan Chest,20,Common Crypt,16
2026-03-31,AkhmAn,Cursed Citadel Chest,20,Citadel,12
2026-03-31,MarkoBRFla,Barbarian Chest,25,Common Crypt,55
2026-03-31,Ceciel,Bone Chest,20,Common Crypt,16
2026-03-31,Ceciel,Harpy Chest,20,epic Crypt,45
2026-03-31,martinman,Sand Chest,5,Common Crypt,0
2026-03-31,martinman,Barbarian Chest,5,Common Crypt,0
2026-03-31,martinman,Barbarian Chest,10,Common Crypt,0
2026-03-31,Meninad,Cursed Citadel Chest,20,Citadel,12
2026-03-31,WadA,Ancient Bastion Chest,20,epic Crypt,45
2026-03-31,Cordanaya,Gnome Workshop Chest,20,Common Crypt,16
2026-03-31,MarkoBRFla,Runic Chest,30,Raid Runic squad,0
2026-03-31,Meninad,Elven Citadel Chest,20,Citadel,12
2026-03-31,Cordanaya,Gnome Workshop Chest,20,Common Crypt,16
2026-03-31,Cordanaya,Fire Chest,20,Common Crypt,16
2026-03-31,WadA,Orc Chest,20,Common Crypt,16
2026-03-31,WadA,Bone Chest,20,Common Crypt,16
2026-03-31,Meninad,Elven Citadel Chest,20,Citadel,12
2026-03-31,Ceciel,Turtle Chest,25,epic Crypt,90
2026-03-31,Meninad,Elven Chest,17,heroic Monster,10
2026-03-31,martinman,Elven Citadel Chest,15,Citadel,0
2026-03-31,MarkoBRFla,Runic Chest,35,Raid Runic squad,0
2026-03-31,Rza,Cobra Chest,20,Common Crypt,16
2026-03-31,Rain Fire,Runic Chest,25,Raid Runic squad,0
2026-03-31,Ceciel,Abandoned Chest,20,epic Crypt,45
2026-03-31,RATTUS,Elegant Chest,20,Common Crypt,16
2026-03-31,martinman,Rare Dragon Chest,10,rare Crypt,2
2026-03-31,Ceciel,Chest of the Cursed,20,epic Crypt,45
2026-03-31,martinman,Bone Chest,5,Common Crypt,0
2026-03-31,martinman,Rare Dragon Chest,10,rare Crypt,2
2026-03-31,martinman,Stone Chest,5,Common Crypt,0
2026-03-31,Shadowbringer SK,Runic Chest,30,Raid Runic squad,0
2026-03-31,Deli,Forgotten Chest,20,Common Crypt,16
2026-03-31,Shadowbringer SK,Runic Chest,25,Raid Runic squad,0
2026-03-31,silver bank haha,Mayan Chest,25,Common Crypt,55
2026-03-31,silver bank haha,Bone Chest,25,Common Crypt,55
2026-03-31,silver bank haha,Cobra Chest,25,Common Crypt,55
2026-03-31,silver bank haha,Elegant Chest,25,Common Crypt,55
2026-03-31,silver bank haha,Stone Chest,25,Common Crypt,55
2026-03-31,martinman,Cursed Citadel Chest,20,Citadel,12
2026-03-31,AkhmAn,Rare Dragon Chest,20,rare Crypt,28
2026-03-31,kremlin,Elven Citadel Chest,20,Citadel,12
2026-03-31,AkhmAn,Rare Dragon Chest,20,rare Crypt,28
2026-03-31,martinman,Elven Citadel Chest,15,Citadel,0
2026-03-31,MarkoBRFla,Forgotten Chest,15,Common Crypt,0
2026-03-31,MarkoBRFla,Barbarian Chest,20,Common Crypt,16
2026-03-31,kremlin,Elven Citadel Chest,20,Citadel,12
2026-03-31,MarkoBRFla,Stone Chest,20,Common Crypt,16
2026-03-31,MarkoBRFla,Orc Chest,20,Common Crypt,16
2026-03-31,MarkoBRFla,Sand Chest,15,Common Crypt,0
2026-03-31,kremlin,Rare Dragon Chest,20,rare Crypt,28
2026-03-31,MarkoBRFla,Barbarian Chest,15,Common Crypt,0
2026-03-31,WaDa,Rare Dragon Chest,20,rare Crypt,28
2026-03-31,Cassio,Trillium Chest,20,epic Crypt,45
2026-03-31,kremlin,Rare Dragon Chest,20,rare Crypt,28
2026-03-31,nicklaus,Inferno Chest,20,heroic Monster,30
2026-03-31,Cassio,Abandoned Chest,20,epic Crypt,45
2026-03-31,Chiarka,Fire Chest,25,Common Crypt,55
2026-03-31,Chiarka,Forgotten Chest,25,Common Crypt,55
2026-03-31,Chiarka,Sand Chest,25,Common Crypt,55
2026-03-31,Chiarka,Scarab Chest,15,epic Crypt,12
2026-03-31,Chiarka,Stone Chest,25,Common Crypt,55
2026-03-31,Chiarka,Barbarian Chest,25,Common Crypt,55
2026-03-31,Chiarka,Bone Chest,20,Common Crypt,16
2026-03-31,Chiarka,Orc Chest,20,Common Crypt,16
2026-03-31,Chiarka,Bone Chest,10,Common Crypt,0
2026-03-31,Chiarka,Sand Chest,25,Common Crypt,55
2026-03-31,Chiarka,Barbarian Chest,25,Common Crypt,55
2026-03-31,Shadowbringer SK,Runic Chest,35,Raid Runic squad,0
2026-03-31,Chiarka,Barbarian Chest,20,Common Crypt,16
2026-03-31,Chiarka,Fire Chest,25,Common Crypt,55
2026-03-31,Chiarka,Infernal Chest,25,Common Crypt,55
2026-03-31,Chiarka,Orc Chest,25,Common Crypt,55
2026-03-31,Chiarka,Orc Chest,25,Common Crypt,55
2026-03-31,Chiarka,Elegant Chest,20,Common Crypt,16
2026-03-31,Ceciel,Ancient Warrior's Chest,20,epic Crypt,45
2026-03-31,Gleladod,Cobra Chest,20,Common Crypt,16
2026-03-31,Frostworker,Elven Citadel Chest,25,Citadel,28
2026-03-31,Gleladod,Stone Chest,20,Common Crypt,16
2026-03-31,Frostworker,Elven Citadel Chest,25,Citadel,28
2026-03-31,martinman,Cursed Citadel Chest,20,Citadel,12
2026-03-31,Gleladod,Elven Citadel Chest,20,Citadel,12
2026-03-31,Frostworker,Stone Chest,20,Common Crypt,16
2026-03-31,Sailv,Orc Chest,25,Common Crypt,55
2026-03-31,Sailv,Forgotten Chest,25,Common Crypt,55
2026-03-31,Frostworker,Cobra Chest,20,Common Crypt,16
2026-03-31,Sailv,Bone Chest,25,Common Crypt,55
2026-03-31,Athena,Cobra Chest,20,Common Crypt,16
2026-03-31,martinman,Elegant Chest,5,Common Crypt,0
2026-03-31,martinman,Elegant Chest,5,Common Crypt,0
2026-03-31,Athena,Gnome Workshop Chest,20,Common Crypt,16
2026-03-31,Athena,Bone Chest,20,Common Crypt,16
2026-03-31,ZAR,Mayan Chest,25,Common Crypt,55
2026-03-31,Ironwind,Trillium Chest,25,epic Crypt,90
2026-03-31,martinman,Elven Citadel Chest,15,Citadel,0
2026-03-31,Athena,Sand Chest,20,Common Crypt,16
2026-03-31,Wada,Elegant Chest,20,Common Crypt,16
2026-03-31,Athena,Forgotten Chest,20,Common Crypt,16
2026-03-31,Wada,Cobra Chest,20,Common Crypt,16
2026-03-31,Athena,Gnome Workshop Chest,20,Common Crypt,16
2026-03-31,Deli,Harpy Chest,20,epic Crypt,45
2026-03-31,martinman,Rare Dragon Chest,15,rare Crypt,8
2026-03-31,Deli,Elven Citadel Chest,20,Citadel,12
2026-03-31,Maffy,Cobra Chest,20,Common Crypt,16
2026-03-31,Veverka,Hermes Chest,0,Hermes' Store,1
2026-03-31,Veverka,Hermes Chest,0,Hermes' Store,1
2026-03-31,Veverka,Hermes Chest,0,Hermes' Store,1
2026-03-31,Godfather,Barbarian Chest,20,Common Crypt,16
2026-03-31,Godfather,Elegant Chest,25,Common Crypt,55
2026-03-31,Godfather,Forgotten Chest,25,Common Crypt,55
2026-03-31,Vudogore,Mayan Chest,25,Common Crypt,55
2026-03-31,Vudogore,Barbarian Chest,25,Common Crypt,55
2026-03-31,Vudogore,Barbarian Chest,25,Common Crypt,55
2026-03-31,Vudogore,Stone Chest,25,Common Crypt,55
2026-03-31,Vudogore,Barbarian Chest,25,Common Crypt,55
2026-03-31,martinman,Rare Dragon Chest,15,rare Crypt,8
2026-03-31,Finiminil,Infernal Chest,20,Common Crypt,16
2026-03-31,Wada,Barbarian Chest,20,epic Crypt,45
2026-03-31,Wada,Rare Dragon Chest,15,rare Crypt,8
2026-03-31,Arch,Epic Monster Chest,0,Epic Undead squad,1000
2026-03-31,Finiminil,Sand Chest,20,Common Crypt,16
2026-03-31,Wada,Priest's Chest,15,epic Crypt,12
2026-03-31,Finiminil,Bone Chest,20,Common Crypt,16
2026-03-31,Wada,Rare Dragon Chest,15,rare Crypt,8
2026-03-31,Finiminil,Mayan Chest,20,Common Crypt,16
2026-03-31,Finiminil,Infernal Chest,20,Common Crypt,16
2026-03-31,Legolas,Scarab Chest,25,epic Crypt,90
2026-03-31,Legolas,Elegant Chest,15,Common Crypt,0
2026-03-31,Legolas,Rare Dragon Chest,15,rare Crypt,8
2026-03-31,Legolas,Infernal Chest,15,Common Crypt,0
2026-03-31,Legolas,Forgotten Chest,15,Common Crypt,0
2026-03-31,Meninad,Undead Chest,16,heroic Monster,5
2026-03-31,Legolas,Elegant Chest,15,Common Crypt,0
2026-03-31,Legolas,Stone Chest,15,Common Crypt,0
2026-03-31,martinman,Rare Dragon Chest,15,rare Crypt,8
2026-03-31,Meninad,Elven Citadel Chest,20,Citadel,12
2026-03-31,Sharpstone,Rare Dragon Chest,10,rare Crypt,2
2026-03-31,martinman,Rare Dragon Chest,15,rare Crypt,8
2026-03-31,Legolas,Forgotten Chest,20,Common Crypt,16
2026-03-31,martinman,Elven Citadel Chest,15,Citadel,0
2026-03-31,martinman,Forgotten Chest,5,Common Crypt,0
2026-03-31,martinman,Gnome Workshop Chest,10,Common Crypt,0
2026-03-31,Ceciel,Hermes Chest,0,Hermes' Store,1
2026-03-31,Ceciel,House of Horrors Chest,20,epic Crypt,45
2026-03-31,Ceciel,Scarab Chest,25,epic Crypt,90
2026-03-31,Ceciel,Scarab Chest,20,epic Crypt,45
2026-03-31,Maffy,Elven Citadel Chest,20,Citadel,12
2026-03-31,martinman,Rare Dragon Chest,10,rare Crypt,2
2026-03-31,Ironwind,Cobalt Chest,30,epic Crypt,140
2026-03-31,wodessen,Orc Chest,20,Common Crypt,16
2026-03-31,wodessen,Scarab Chest,20,epic Crypt,45
2026-03-31,wodessen,Barbarian Chest,25,Common Crypt,55
2026-03-31,Kekelv,Tartaros Chest,25,"Tartaros Crypt ",0
2026-03-31,Safa2017,Tartaros Chest,25,"Tartaros Crypt ",0
2026-03-31,Kekelv,Tartaros Chest,25,"Tartaros Crypt ",0
2026-03-31,Safa2017,Tartaros Chest,30,"Tartaros Crypt ",0
2026-03-31,Sailv,Bone Chest,25,Common Crypt,55
2026-03-31,Cassio,Tartaros Chest,25,"Tartaros Crypt ",0
2026-03-31,AkhmAn,Tartaros Chest,25,"Tartaros Crypt ",0
2026-03-31,Safa2017,Tartaros Chest,25,"Tartaros Crypt ",0
2026-03-31,Safa2017,Tartaros Chest,25,"Tartaros Crypt ",0
2026-03-31,arcael,Tartaros Chest,20,"Tartaros Crypt ",0
2026-03-31,Gleladod,Tartaros Chest,10,"Tartaros Crypt ",0
2026-03-31,Meninad,Tartaros Chest,20,"Tartaros Crypt ",0
2026-03-31,Safa2017,Tartaros Chest,25,"Tartaros Crypt ",0
2026-03-31,ozin blesin,Tartaros Chest,20,"Tartaros Crypt ",0
2026-03-31,Kekelv,Tartaros Chest,25,"Tartaros Crypt ",0
2026-03-31,arcael,Tartaros Chest,20,"Tartaros Crypt ",0
2026-03-31,Kekelv,Tartaros Chest,25,"Tartaros Crypt ",0
2026-03-31,ozin blesin,Tartaros Chest,20,"Tartaros Crypt ",0
2026-03-31,Safa2017,Hermes Chest,0,Hermes' Store,1
2026-03-31,Safa2017,Hermes Chest,0,Hermes' Store,1
2026-03-31,Safa2017,Hermes Chest,0,Hermes' Store,1
2026-03-31,Safa2017,Hermes Chest,0,Hermes' Store,1
2026-03-31,Safa2017,Hermes Chest,0,Hermes' Store,1
2026-03-31,Sailv,Cobra Chest,25,Common Crypt,55
2026-03-31,Meninad,Tartaros Chest,25,"Tartaros Crypt ",0
2026-03-31,Maffy,Tartaros Chest,25,"Tartaros Crypt ",0
2026-03-31,Cassio,Tartaros Chest,25,"Tartaros Crypt ",0
2026-03-31,Kekelv,Tartaros Chest,25,"Tartaros Crypt ",0
2026-03-31,arcael,Tartaros Chest,20,"Tartaros Crypt ",0
2026-03-31,AkhmAn,Tartaros Chest,25,"Tartaros Crypt ",0
2026-03-31,Kekelv,Tartaros Chest,25,"Tartaros Crypt ",0
2026-03-31,Meninad,Tartaros Chest,25,"Tartaros Crypt ",0
2026-03-31,Ironwind,Tartaros Chest,30,"Tartaros Crypt ",0
2026-03-31,AkhmAn,Tartaros Chest,25,"Tartaros Crypt ",0
2026-03-31,KaLisi,Tartaros Chest,25,"Tartaros Crypt ",0
2026-03-31,ozin blesin,Tartaros Chest,25,"Tartaros Crypt ",0
2026-03-31,Sengul,Mayan Chest,5,Common Crypt,0
2026-03-31,Kekelv,Tartaros Chest,25,"Tartaros Crypt ",0
2026-03-31,Veverka,Tartaros Chest,15,"Tartaros Crypt ",0
2026-03-31,KaLisi,Tartaros Chest,25,"Tartaros Crypt ",0
2026-03-31,Sengul,Barbarian Chest,10,Common Crypt,0
2026-03-31,Veverka,Tartaros Chest,10,"Tartaros Crypt ",0
2026-03-31,Safa2017,Tartaros Chest,25,"Tartaros Crypt ",0
2026-03-31,Sengul,Infernal Chest,20,Common Crypt,16
2026-03-31,AkhmAn,Tartaros Chest,25,"Tartaros Crypt ",0
2026-03-31,Veverka,Tartaros Chest,20,"Tartaros Crypt ",0
2026-03-31,KaLisi,Tartaros Chest,25,"Tartaros Crypt ",0
2026-03-31,Veverka,Tartaros Chest,20,"Tartaros Crypt ",0
2026-03-31,Mel,Mayan Chest,25,Common Crypt,55
2026-03-31,Sengul,Priest's Chest,15,epic Crypt,12
2026-03-31,Kekelv,Tartaros Chest,25,"Tartaros Crypt ",0
2026-03-31,StellaVist,Tartaros Chest,20,"Tartaros Crypt ",0
2026-03-31,Safa2017,Tartaros Chest,25,"Tartaros Crypt ",0
2026-03-31,ozin blesin,Tartaros Chest,20,"Tartaros Crypt ",0
2026-03-31,Veverka,Tartaros Chest,15,"Tartaros Crypt ",0
2026-03-31,Cassio,Tartaros Chest,25,"Tartaros Crypt ",0
2026-03-31,KaLisi,Tartaros Chest,25,"Tartaros Crypt ",0
2026-03-31,Meninad,Mayan Chest,20,Common Crypt,16
2026-03-31,Safa2017,Tartaros Chest,25,"Tartaros Crypt ",0
2026-03-31,Ironwind,Tartaros Chest,20,"Tartaros Crypt ",0
2026-03-31,Meninad,Rare Dragon Chest,15,rare Crypt,8
2026-03-31,Mel,Infernal Chest,25,Common Crypt,55
2026-03-31,AkhmAn,Tartaros Chest,25,"Tartaros Crypt ",0
2026-03-31,StellaVist,Tartaros Chest,20,"Tartaros Crypt ",0
2026-03-31,KaLisi,Tartaros Chest,25,"Tartaros Crypt ",0
2026-03-31,Veverka,Mayan Chest,20,Common Crypt,16
2026-03-31,ozin blesin,Tartaros Chest,20,"Tartaros Crypt ",0
2026-03-31,Kekelv,Tartaros Chest,25,"Tartaros Crypt ",0
2026-03-31,KaLisi,Tartaros Chest,25,"Tartaros Crypt ",0
2026-03-31,Ironwind,Tartaros Chest,20,"Tartaros Crypt ",0
2026-03-31,StellaVist,Tartaros Chest,20,"Tartaros Crypt ",0
2026-03-31,KaLisi,Tartaros Chest,25,"Tartaros Crypt ",0
2026-03-31,StellaVist,Tartaros Chest,20,"Tartaros Crypt ",0
2026-03-31,Safa2017,Tartaros Chest,25,"Tartaros Crypt ",0
2026-03-31,Cassio,Tartaros Chest,25,"Tartaros Crypt ",0
2026-03-31,KaLisi,Tartaros Chest,25,"Tartaros Crypt ",0
2026-03-31,ozin blesin,Tartaros Chest,20,"Tartaros Crypt ",0
2026-03-31,StellaVist,Tartaros Chest,20,"Tartaros Crypt ",0
2026-03-31,Kekelv,Tartaros Chest,25,"Tartaros Crypt ",0
2026-03-31,StellaVist,Tartaros Chest,20,"Tartaros Crypt ",0
2026-03-31,Safa2017,Tartaros Chest,25,"Tartaros Crypt ",0
2026-03-31,KaLisi,Tartaros Chest,25,"Tartaros Crypt ",0
2026-03-31,ozin blesin,Tartaros Chest,20,"Tartaros Crypt ",0
2026-03-31,Cassio,Tartaros Chest,25,"Tartaros Crypt ",0
2026-03-31,StellaVist,Tartaros Chest,20,"Tartaros Crypt ",0
2026-03-31,KaLisi,Tartaros Chest,25,"Tartaros Crypt ",0
2026-03-31,StellaVist,Tartaros Chest,20,"Tartaros Crypt ",0
2026-03-31,ozin blesin,Tartaros Chest,20,"Tartaros Crypt ",0
2026-03-31,Safa2017,Tartaros Chest,25,"Tartaros Crypt ",0
2026-03-31,KaLisi,Rare Dragon Chest,30,rare Crypt,120
2026-03-31,StellaVist,Tartaros Chest,20,"Tartaros Crypt ",0
2026-03-31,Veverka,Cursed Chest,18,heroic Monster,15
2026-03-31,ozin blesin,Tartaros Chest,20,"Tartaros Crypt ",0
2026-03-31,Kekelv,Tartaros Chest,25,"Tartaros Crypt ",0
2026-03-31,KaLisi,Rare Dragon Chest,25,rare Crypt,72
2026-03-31,StellaVist,Tartaros Chest,20,"Tartaros Crypt ",0
2026-03-31,Safa2017,Tartaros Chest,25,"Tartaros Crypt ",0
2026-03-31,StellaVist,Tartaros Chest,20,"Tartaros Crypt ",0
2026-03-31,KaLisi,Tartaros Chest,25,"Tartaros Crypt ",0
2026-03-31,Kekelv,Tartaros Chest,25,"Tartaros Crypt ",0
2026-03-31,Meninad,Bone Chest,25,Common Crypt,55
2026-03-31,Veverka,Tartaros Chest,20,"Tartaros Crypt ",0
2026-03-31,Safa2017,Tartaros Chest,25,"Tartaros Crypt ",0
2026-03-31,Veverka,Tartaros Chest,10,"Tartaros Crypt ",0
2026-03-31,KaLisi,Tartaros Chest,25,"Tartaros Crypt ",0
